probe,symbol,logFC,AveExpr,t,P.Value,adj.P.Val,direction
8133876,CD36,5.780169999999999,7.370281666666667,85.2934682914276,8.015719555205197e-12,2.668994140296674e-07,Up
7965335,DUSP6,-4.212683333333333,9.106625,-71.43392832224029,2.769973180431065e-11,4.6115898494406587e-07,Down
7972217,SPRY2,-3.8016633333333334,9.726468333333333,-59.150833682120535,1.0357155707412655e-10,1.0227896543150132e-06,Down
7972259,DCT,5.633026666666666,8.763219999999999,57.72202971318605,1.2286868538487108e-10,1.0227896543150132e-06,Up
8129573,MOXD1,3.2630633333333314,10.171635,52.415586695291324,2.409964282544566e-10,1.6048916143177284e-06,Up
8015806,ETV4,-3.8432466666666665,9.667076666666667,-46.40390640305299,5.641697690493971e-10,3.0051776250694886e-06,Down
7909568,DTL,-3.1932800000000023,10.510593333333333,-45.65749948826843,6.317759370359618e-10,3.0051776250694886e-06,Down
8000574,NUPR1,3.0309966666666655,9.596868333333333,43.90910625186708,8.296598497336579e-10,3.2625092275563382e-06,Up
8092578,ETV5,-4.078519999999998,8.86754,-42.43906262946745,1.052152463636855e-09,3.2625092275563382e-06,Down
8018761,,3.875119999999999,9.478006666666667,41.956915873244874,1.1394461301416244e-09,3.2625092275563382e-06,Up
8180372,,3.875119999999999,9.478006666666667,41.956915873244874,1.1394461301416244e-09,3.2625092275563382e-06,Up
8025828,LDLR,-3.0536433333333357,10.650445,-41.71643834503749,1.18605954528482e-09,3.2625092275563382e-06,Down
7942123,CCND1,-2.488156666666665,10.616455,-41.29192061226692,1.2737670047821844e-09,3.2625092275563382e-06,Down
8178435,IER3,-2.640610000000001,10.815528333333333,-38.9043430018198,1.9295791844734043e-09,4.589228436100782e-06,Down
8102938,RNF150,2.434346666666665,9.490226666666667,37.33101471532255,2.5729242568033293e-09,5.070854805814818e-06,Up
7904726,TXNIP,2.948543333333327,11.312761666666667,37.04658833110641,2.7137775277301507e-09,5.070854805814818e-06,Up
8095744,,-3.0959100000000017,7.133015,-36.83873706601247,2.8222876703585054e-09,5.070854805814818e-06,Down
8179704,,-2.5177466666666684,10.543393333333334,-36.707155005704415,2.8935411992215977e-09,5.070854805814818e-06,Down
8124848,,-2.5177466666666684,10.543393333333334,-36.707155005704415,2.8935411992215977e-09,5.070854805814818e-06,Down
7944722,UBASH3B,-2.252009999999998,9.675061666666666,-35.476259347907174,3.6696819299689313e-09,5.945105190151861e-06,Down
8103736,SCRG1,2.5813766666666664,7.491898333333334,35.36683346195735,3.749503228314536e-09,5.945105190151861e-06,Up
8003667,SERPINF1,3.1068299999999986,9.219851666666669,34.84252936808774,4.160560457051437e-09,6.1185032850022395e-06,Up
7907893,MR1,2.5318266666666673,8.73486,34.70632320647776,4.275614530994862e-09,6.1185032850022395e-06,Up
8114797,SPRY4,-3.7528900000000003,8.564955,-34.5077960389831,4.449880760648455e-09,6.1185032850022395e-06,Down
8105302,FST,-3.58683,10.077318333333334,-34.350330581135005,4.5938847981816975e-09,6.1185032850022395e-06,Down
8052872,,-2.518929999999997,9.914235,-34.052756842460454,4.8808006663199105e-09,6.250616145632848e-06,Down
7922474,KIAA0040,-1.9377666666666669,8.426910000000001,-33.79806026853703,5.142712172029552e-09,6.342106933039556e-06,Down
8139033,,1.980756666666669,6.853921666666666,33.588028148355896,5.3708137416388095e-09,6.38685661269098e-06,Up
7951077,SESN3,2.8012533333333343,8.407876666666667,33.34352665139888,5.651042433481485e-09,6.4086281420515925e-06,Up
8141374,AZGP1,2.0795633333333328,9.215151666666666,33.24053155885916,5.774059052213346e-09,6.4086281420515925e-06,Up
7989937,LCTL,2.208340000000001,9.888163333333333,32.92097610716198,6.175646961010009e-09,6.511992517439156e-06,Up
7896727,,2.16744333333333,10.323778333333335,32.858125528513476,6.25833440123894e-09,6.511992517439156e-06,Up
8063923,SLCO4A1,-2.570270000000004,9.705831666666668,-32.59797340462697,6.6143150565438565e-09,6.6147599313314865e-06,Down
8097449,PCDH10,2.0650233333333383,10.397321666666665,32.49993959600294,6.754417444973137e-09,6.6147599313314865e-06,Up
8079037,TRAK1,1.9450000000000003,10.317466666666666,32.11382591279114,7.340179982439273e-09,6.983027796436584e-06,Up
8151871,CCNE2,-2.6031433333333363,9.777895000000001,-31.75169534126958,7.942808516635936e-09,7.163265771272762e-06,Down
8120967,,-2.8628466666666657,8.176693333333334,-31.61039583081649,8.193126808082592e-09,7.163265771272762e-06,Down
8177222,CD24,3.322533333333333,6.980946666666667,31.562618738388007,8.279795099948003e-09,7.163265771272762e-06,Up
8150428,SFRP1,-2.1037666666666675,9.86295,-31.473951337109852,8.443428357000855e-09,7.163265771272762e-06,Down
8109161,ARHGEF37,2.1357200000000005,8.512490000000001,31.388149169876858,8.605298701111526e-09,7.163265771272762e-06,Up
8044499,SLC20A1,-2.4389066666666643,10.856713333333332,-31.08268969714619,9.211022839431476e-09,7.360245510449841e-06,Down
7916609,JUN,2.2440199999999977,9.643390000000002,30.935747116636556,9.519658638745675e-09,7.360245510449841e-06,Up
8089714,LSAMP,2.649573333333334,9.159646666666665,30.798573532873867,9.818474154547059e-09,7.360245510449841e-06,Up
8161654,TRPM3,2.9249133333333326,8.86901,30.66311892352785,1.0124100528181804e-08,7.360245510449841e-06,Up
8058857,IGFBP5,2.7494366666666643,9.521815000000002,30.625115021974057,1.021179035294334e-08,7.360245510449841e-06,Up
7940147,FAM111B,-3.708439999999999,8.507413333333334,-30.575753207858597,1.0326985190917149e-08,7.360245510449841e-06,Down
7949364,CDCA5,-2.168806666666668,8.81451,-30.549324703079332,1.0389270474551537e-08,7.360245510449841e-06,Down
7926259,MCM10,-2.8264399999999976,9.098646666666665,-30.444636986210508,1.064024397658336e-08,7.3810042435061695e-06,Down
7933772,ANK3,2.3955299999999986,9.879968333333332,29.924158802423356,1.1995513389065714e-08,7.620530531151805e-06,Up
8148049,NOV,2.658350000000002,10.193658333333332,29.870883450097995,1.2145032263293769e-08,7.620530531151805e-06,Up
7963054,,1.8295433333333297,10.769395000000001,29.812817544710423,1.2310425134347192e-08,7.620530531151805e-06,Up
8086880,CDC25A,-2.544309999999999,8.649888333333333,-29.75835868057612,1.24678846835736e-08,7.620530531151805e-06,Down
8157524,TLR4,-2.527596666666665,10.026268333333332,-29.68075922257061,1.2696241360850985e-08,7.620530531151805e-06,Down
8098441,TENM3,1.7062333333333286,11.11645,29.603521397359717,1.2928288436777798e-08,7.620530531151805e-06,Up
8007931,ITGB3,-3.1619999999999964,10.259533333333332,-29.602364788956734,1.2931799872514555e-08,7.620530531151805e-06,Down
8040223,RRM2,-2.443660000000002,10.301103333333334,-29.59060826697283,1.2967554256714045e-08,7.620530531151805e-06,Down
7985317,,-3.337559999999998,7.8974633333333335,-29.565162993817054,1.3045326614279151e-08,7.620530531151805e-06,Down
8140534,SEMA3C,2.3409666666666626,11.557583333333334,29.155295505330237,1.4374454703174239e-08,8.252176176751598e-06,Up
8072626,TIMP3,-1.7039333333333353,12.004933333333334,-28.992745338843044,1.494390990857619e-08,8.43368420721799e-06,Down
7956038,TMEM198B,1.8355033333333317,9.797715000000002,28.864856952743274,1.5410077516377726e-08,8.55182251771382e-06,Up
8113761,ZNF608,1.727276666666667,10.396228333333335,28.56126274017062,1.658474019052824e-08,9.052821215147849e-06,Up
7987405,RASGRP1,2.141283333333335,7.380641666666666,28.435656820220068,1.7100390729921976e-08,9.183737260229226e-06,Up
8124394,HIST1H2BB,-2.130946666666666,9.541893333333332,-28.332952141374154,1.753565504734117e-08,9.236376549502775e-06,Down
8084165,SOX2,2.1281200000000013,10.724906666666667,28.281460758618636,1.7758628583156443e-08,9.236376549502775e-06,Up
8043909,NPAS2,-1.666566666666667,11.20655,-28.175972585164967,1.8225609918334128e-08,9.236376549502775e-06,Down
7921900,,-2.0062033333333336,7.676651666666667,-28.15768573901778,1.8307981267597175e-08,9.236376549502775e-06,Down
8040103,,2.7865333333333346,9.8815,28.002467984186392,1.9024521768611735e-08,9.454619422827835e-06,Up
8150698,SNAI2,2.657783333333332,10.109941666666666,27.767040291456123,2.0173326242685686e-08,9.664427340433018e-06,Up
8114991,SH3TC2,-2.2606700000000033,8.560708333333334,-27.721865940515887,2.0402709127070974e-08,9.664427340433018e-06,Down
7958262,TCP11L2,2.6376300000000037,9.124584999999998,27.702369389860998,2.0502626093518587e-08,9.664427340433018e-06,Up
7906954,PBX1,1.7942733333333354,9.862296666666667,27.68198468089625,2.0607692620078214e-08,9.664427340433018e-06,Up
8055624,ZEB2,1.6277666666666684,11.034583333333332,27.588282237780817,2.1098627833325598e-08,9.73521063863592e-06,Up
7914878,CLSPN,-2.966780000000001,8.144023333333333,-27.54249369910515,2.1343375577992676e-08,9.73521063863592e-06,Down
8172266,MIR221,-2.5040833333333334,8.556775,-27.362363094418505,2.2338178477983324e-08,1.0038235659309737e-05,Down
7981514,AHNAK2,2.272823333333335,9.073521666666666,27.303735366520208,2.267330219312932e-08,1.0038235659309737e-05,Up
8161884,,4.683609999999999,7.919728333333333,27.262550804423057,2.2912151548413972e-08,1.0038235659309737e-05,Up
8100578,EPHA5,1.6598399999999993,6.937726666666666,27.163524563396283,2.3498302600046786e-08,1.0161337424334518e-05,Up
7962579,AMIGO2,-2.7175799999999968,8.962176666666666,-27.09972333297697,2.3885017300614293e-08,1.0196146423827617e-05,Down
7982366,SCG5,2.285703333333335,7.582185,27.047798977475544,2.420511165062523e-08,1.0201994970010991e-05,Up
7958749,,-1.7806166666666667,10.097824999999998,-26.77686907405494,2.595684854262357e-08,1.0669134430497769e-05,Down
8124527,HIST1H1B,-2.1770033333333325,9.905265,-26.770102176236563,2.6002417713540886e-08,1.0669134430497769e-05,Down
8063536,TFAP2C,-1.7412066666666643,10.302663333333333,-26.729947614023285,2.6274710133069557e-08,1.0669134430497769e-05,Down
8088848,,1.60298,9.144116666666667,26.603769045977774,2.715176271733104e-08,1.0814522865745304e-05,Up
7965094,,-1.7900333333333323,9.996316666666665,-26.5853824256576,2.7282335367228444e-08,1.0814522865745304e-05,Down
8095736,AREG,-2.3869766666666674,7.520901666666667,-26.269733000190673,2.96396056688355e-08,1.1489075069681451e-05,Down
7914648,PHC2,-1.5926700000000016,9.679331666666666,-26.211283044022302,3.0101183451066546e-08,1.1489075069681451e-05,Down
8165911,TBL1X,-1.5559066666666663,10.068313333333334,-26.188564657956274,3.028280038903844e-08,1.1489075069681451e-05,Down
7954899,,2.150643333333332,7.364764999999999,26.145369167660665,3.063157815978833e-08,1.1489075069681451e-05,Up
8115397,FAXDC2,2.075270000000001,9.831665,26.13581950556579,3.070930357694835e-08,1.1489075069681451e-05,Up
8055496,LRP1B,2.7205466666666664,7.643199999999999,26.05468970294944,3.137878385526279e-08,1.1609104066985391e-05,Up
8113039,MEF2C,2.0917633333333363,10.846418333333332,25.97746959744285,3.2031518284376824e-08,1.1720367739724122e-05,Up
8118890,SCUBE3,2.5489066666666638,9.028646666666667,25.823269737145843,3.3381886254458317e-08,1.2081702897985855e-05,Up
7994659,MVP,1.5031866666666645,9.119493333333333,25.60664642880171,3.53901482960823e-08,1.2670814707684436e-05,Up
8152812,FAM84B,-2.9648433333333295,9.047878333333331,-25.433513892767074,3.7094713932910236e-08,1.3025844999613919e-05,Down
7945663,,2.224956666666665,9.411555,25.42665312095362,3.7164167191138005e-08,1.3025844999613919e-05,Up
7930927,INPP5F,-1.892610000000001,10.037295,-25.34216087714767,3.8031787454605456e-08,1.3191087779958312e-05,Down
7987454,BMF,2.5847366666666707,8.677175,25.26906956213592,3.8801023808814445e-08,1.3208507892224284e-05,Up
7923772,LEMD1,2.2666899999999996,7.504668333333334,25.250977392838628,3.8994163755021823e-08,1.3208507892224284e-05,Up
7942332,FOLR1,2.3507866666666657,8.357243333333333,25.213911888947457,3.939328757257169e-08,1.3208507892224284e-05,Up
8078286,RARB,2.208553333333334,7.538826666666666,25.1885784515135,3.966876262793731e-08,1.3208507892224284e-05,Up
8152668,ATAD2,-1.9541299999999966,9.522301666666666,-25.116999116938985,4.045907488816469e-08,1.3299198582250723e-05,Down
8146687,ADHFE1,2.508639999999999,7.50329,25.068178358941175,4.10084187330575e-08,1.3299198582250723e-05,Up
8071212,CDC45,-2.538339999999999,9.075396666666666,-25.05665112255111,4.1139365527579794e-08,1.3299198582250723e-05,Down
8002969,,1.867196666666666,9.471235,24.88218929613701,4.3180656192668534e-08,1.3824868358146963e-05,Up
7902541,,2.3342799999999992,7.438796666666666,24.790741892254275,4.4296679932888e-08,1.4047110016432113e-05,Up
8114938,JAKMIP2,1.83659,8.317281666666666,24.63230190165265,4.630913827894538e-08,1.4546748842207965e-05,Up
8079931,SLC38A3,2.4157166666666683,8.837711666666666,24.56057100613314,4.7254419038584044e-08,1.4704956922689094e-05,Up
7918426,SLC16A4,2.1781033333333326,10.362048333333332,24.420599605541884,4.916311538734191e-08,1.515726160233633e-05,Up
7916167,ORC1,-1.9674000000000011,8.888926666666668,-24.312482764104153,5.069777569878683e-08,1.533369503915071e-05,Down
8113666,SEMA6A,2.0698833333333333,8.371268333333333,24.238831975590333,5.177452445826587e-08,1.533369503915071e-05,Up
8012464,LOC100128288,1.9317400000000016,7.709109999999999,24.224720649528425,5.198379383027867e-08,1.533369503915071e-05,Up
7945232,ADAMTS15,2.396753333333334,8.719406666666666,24.210511588219102,5.219548863812521e-08,1.533369503915071e-05,Up
8112107,PLPP1,1.5103233333333308,10.487138333333334,24.17214277289355,5.2772062591244784e-08,1.533369503915071e-05,Up
8113551,MCC,1.8941700000000004,9.155368333333334,24.156352072228504,5.3011460715917017e-08,1.533369503915071e-05,Up
7944751,JHY,1.5695800000000022,8.420446666666665,24.134225409125815,5.334900476665592e-08,1.533369503915071e-05,Up
8057990,ANKRD44,1.866500000000001,8.690773333333333,24.118420699407285,5.3591608939515765e-08,1.533369503915071e-05,Up
8133549,,2.047180000000001,8.708793333333334,24.09973912400349,5.3879998786095845e-08,1.533369503915071e-05,Up
7974270,ATL1,1.9550833333333335,7.892828333333334,23.8148687646771,5.8504571280461925e-08,1.6403690652824e-05,Up
8061471,GINS1,-1.7026599999999978,10.48107,-23.80779280059973,5.8625076964472955e-08,1.6403690652824e-05,Down
7969533,SLAIN1,1.8132400000000004,9.70678,23.766442148120156,5.933498108692983e-08,1.6429617315021273e-05,Up
7948444,TCN1,3.3576700000000024,9.217698333333333,23.72095074684465,6.012733228199068e-08,1.6429617315021273e-05,Up
8063444,,1.378823333333331,6.393995,23.716925889212792,6.019801520955628e-08,1.6429617315021273e-05,Up
8141395,MCM7,-1.6275000000000013,10.965783333333334,-23.658094400733543,6.124209011681295e-08,1.6493320423938315e-05,Down
8136709,MGAM2,1.665496666666666,9.556951666666667,23.64806682823399,6.1422102068305e-08,1.6493320423938315e-05,Up
7919217,NUDT17,1.51164666666667,9.461876666666667,23.580051010392157,6.265916379520703e-08,1.660741504617434e-05,Up
7898549,MRTO4,-1.458936666666666,9.803398333333332,-23.557927810536224,6.306764780394877e-08,1.660741504617434e-05,Down
8124391,HIST1H2AB,-1.7159466666666658,8.827636666666667,-23.538283212773745,6.343291578281641e-08,1.660741504617434e-05,Down
8102560,MAD2L1,-1.6907366666666648,9.955731666666665,-23.511751250232034,6.39300850332523e-08,1.660741504617434e-05,Down
8066214,TGM2,-1.6165999999999958,11.448099999999998,-23.490008552359495,6.43408277309214e-08,1.660741504617434e-05,Down
8150076,DUSP4,-1.7157733333333356,9.60328,-23.45501690201306,6.500819724319303e-08,1.66505995662046e-05,Down
7932326,CUBN,1.5337999999999985,7.4955566666666655,23.395577847263507,6.616002377880198e-08,1.6703579709050324e-05,Up
8161865,PRUNE2,3.8390699999999973,8.138388333333333,23.392599258799354,6.621835365332141e-08,1.6703579709050324e-05,Up
7947165,SLC5A12,1.71844,8.350670000000001,23.362721807031768,6.680670395420235e-08,1.6725284372654707e-05,Up
8097829,FHDC1,2.0235733333333306,8.638816666666667,23.309669370655296,6.78661823548924e-08,1.681374835058907e-05,Up
8008609,ANKFN1,2.098413333333333,7.655186666666666,23.288611503092127,6.829202267936455e-08,1.681374835058907e-05,Up
7972932,GAS6-AS1,2.124609999999996,8.520115,23.261232667399085,6.885025552765969e-08,1.681374835058907e-05,Up
8041048,,1.6366300000000014,10.144785,23.245183200944513,6.917991182481012e-08,1.681374835058907e-05,Up
7912157,ERRFI1,-1.4690666666666665,11.468833333333334,-23.163175910814438,7.089271672454414e-08,1.6980895970110048e-05,Down
8103853,LOC90768,1.517943333333335,9.653861666666666,23.13880932020921,7.141092711282065e-08,1.6980895970110048e-05,Up
8052689,SPRED2,-1.4048166666666664,10.094325,-23.121393024693543,7.178397336496655e-08,1.6980895970110048e-05,Down
8078227,KAT2B,1.8246000000000049,11.213866666666666,23.115645512321716,7.190756920399786e-08,1.6980895970110048e-05,Up
8139840,ERV3-1,1.8475433333333307,10.261295,23.003189033203217,7.437540811004548e-08,1.7048184784812987e-05,Up
7948229,,-1.450733333333337,12.339233333333334,-23.000497690648782,7.443564237773219e-08,1.7048184784812987e-05,Down
8081431,ALCAM,1.4251999999999978,10.9208,22.974387693119727,7.502290256189785e-08,1.7048184784812987e-05,Up
7920664,THBS3,2.0951033333333307,9.135815000000001,22.971584259969497,7.508627048057943e-08,1.7048184784812987e-05,Up
7926821,MASTL,-1.4089933333333335,10.324736666666666,-22.968073300948078,7.516571725694581e-08,1.7048184784812987e-05,Down
7910997,EXO1,-2.5979966666666656,9.278668333333334,-22.95826036394889,7.538827584548217e-08,1.7048184784812987e-05,Down
7983228,,1.6307266666666702,8.906313333333332,22.941220247786926,7.57765368697577e-08,1.7048184784812987e-05,Up
8008321,,1.5171899999999983,8.709525000000001,22.806814711068377,7.892025130523685e-08,1.7618868928293172e-05,Up
8129134,,1.6265566666666678,6.906804999999999,22.788027549579613,7.937142503060263e-08,1.7618868928293172e-05,Up
8103415,FAM198B,2.873266666666668,9.0666,22.68470904383844,8.190584747553962e-08,1.8061053002602933e-05,Up
7899627,TINAGL1,-1.8413866666666623,9.701306666666666,-22.637483956384706,8.309495220914235e-08,1.8202714629656662e-05,Down
8097586,GAB1,1.5277566666666662,9.732655,22.614059326036767,8.369207433722625e-08,1.821369280527204e-05,Up
8123876,LINC00518,2.9142433333333364,7.391518333333333,22.5497921601217,8.535562814296415e-08,1.8421922554795756e-05,Up
8085716,SATB1,1.7550066666666655,9.091373333333333,22.534560385327296,8.575541328027577e-08,1.8421922554795756e-05,Up
7938746,MRGPRX4,-2.9360400000000015,7.644736666666667,-22.396801231654464,8.94698484540849e-08,1.885654486186489e-05,Down
8169061,PLP1,1.8234333333333301,12.108783333333335,22.38508829606751,8.979404575238245e-08,1.885654486186489e-05,Up
8071420,SERPIND1,-1.817246666666669,7.035753333333335,-22.384588581791355,8.980790691442786e-08,1.885654486186489e-05,Down
8127201,COL21A1,2.216533333333332,7.335353333333334,22.37492314102334,9.007648951667721e-08,1.885654486186489e-05,Up
8048432,CYP27A1,1.4446066666666677,8.416269999999999,22.355814515030296,9.061018043362412e-08,1.885654486186489e-05,Up
7940349,CCDC86,-1.418896666666665,9.584618333333333,-22.3047027072283,9.205552170512217e-08,1.9038339790158094e-05,Down
8080511,CACNA1D,1.4874733333333328,8.30032,22.27826950098029,9.281331077551004e-08,1.9054055632291143e-05,Up
7908940,ATP2B4,1.3342,11.784833333333333,22.243854143531134,9.381062323210953e-08,1.9054055632291143e-05,Up
8112940,SSBP2,1.5377000000000018,11.589550000000001,22.24256395630592,9.384824830152109e-08,1.9054055632291143e-05,Up
8117395,,-1.4777300000000033,10.726735,-22.13612580482843,9.701239777732298e-08,1.9577101871463775e-05,Down
8111739,FYB1,2.329033333333334,6.957409999999999,22.027517232443557,1.003671806700374e-07,2.011489538640344e-05,Up
8117330,,-1.6335099999999998,9.464145,-22.003948126608822,1.0111256558051269e-07,2.011489538640344e-05,Down
8100758,,1.4867200000000007,8.431109999999999,21.984396287693045,1.0173569801311356e-07,2.011489538640344e-05,Up
7897227,AJAP1,-1.7412,8.660463333333334,-21.97025855786574,1.0218900866079383e-07,2.011489538640344e-05,Down
7969576,,-2.006163333333335,8.017075,-21.95447218009531,1.0269790718949409e-07,2.011489538640344e-05,Down
7901969,ROR1,-1.9295633333333337,8.509485,-21.90254436407643,1.0439239577758314e-07,2.0327214047989393e-05,Down
8057898,,1.5131033333333337,7.227305,21.767123646704384,1.0896353679861727e-07,2.0962228603164522e-05,Up
8149835,NEFL,1.2885133333333354,10.53501,21.73763112161124,1.099890936470454e-07,2.0962228603164522e-05,Up
8041179,CLIP4,1.8419133333333293,10.663343333333335,21.734775239090244,1.1008898605904069e-07,2.0962228603164522e-05,Up
7979085,PYGL,1.3007000000000002,11.529316666666666,21.73241022301014,1.1017178741489598e-07,2.0962228603164522e-05,Up
8040365,TRIB2,-1.7318400000000003,9.109676666666667,-21.491261454977952,1.1900010802201997e-07,2.25133329364159e-05,Down
7978846,POLE2,-2.2298366666666696,8.771551666666667,-21.454667911087267,1.2040910032317904e-07,2.253426187341161e-05,Down
8135218,LRRC17,1.5341733333333325,7.6833366666666665,21.45234989672451,1.2049899188303091e-07,2.253426187341161e-05,Up
8081001,ROBO2,1.7046399999999997,7.95442,21.435850955362753,1.211410299829017e-07,2.253426187341161e-05,Up
8102532,,2.7598833333333337,8.413825000000001,21.392224773924546,1.2285758375711047e-07,2.265435884766182e-05,Up
8126839,TNFRSF21,-1.5410599999999992,10.218403333333333,-21.373397391346604,1.2360694245629787e-07,2.265435884766182e-05,Down
8037408,KCNN4,-1.2707933333333299,8.795176666666665,-21.367873967090024,1.2382777157925492e-07,2.265435884766182e-05,Down
8164343,FAM102A,1.3686233333333355,10.369121666666667,21.17003474538803,1.3204241399781477e-07,2.3910390248805347e-05,Up
7956301,LRP1,1.2213733333333348,10.032846666666666,21.16801616306766,1.321293751923652e-07,2.3910390248805347e-05,Up
7973850,AKAP6,1.9085733333333332,8.216843333333333,21.150951776732313,1.328671312356535e-07,2.3913929020289486e-05,Up
8003844,HASPIN,-1.8336166666666662,8.783551666666666,-21.08776425036703,1.3564017779281137e-07,2.4197822701612272e-05,Down
8082965,MRAS,1.3920100000000004,8.724881666666667,21.081966363553793,1.3589791408239465e-07,2.4197822701612272e-05,Up
8170971,DKC1,-1.3714499999999958,10.650141666666665,-21.059841965011334,1.36886567814269e-07,2.4244213023998483e-05,Down
7936529,SHTN1,1.4779600000000006,10.551986666666666,20.97648069634222,1.4068607876493572e-07,2.478531409860352e-05,Up
7973067,PNP,-1.4847866666666658,10.103306666666667,-20.949572746456315,1.419380936636129e-07,2.4874277393249046e-05,Down
8006187,ATAD5,-1.7139999999999995,8.658563333333333,-20.92039604317688,1.4331005945667528e-07,2.498322015564878e-05,Down
8108749,PCDHB18P,1.5663800000000014,8.175003333333335,20.868928988445372,1.4576722488151558e-07,2.5279225452499087e-05,Up
8024900,UHRF1,-2.145326666666668,10.35107,-20.848814912227915,1.4674055677964942e-07,2.5316167456435165e-05,Down
8063437,TSHZ2,1.7278699999999996,7.234501666666667,20.694586710566714,1.5445512849142806e-07,2.6498271525709573e-05,Up
8072687,,-1.6835499999999977,9.781225000000001,-20.68047065204561,1.5518403902794145e-07,2.6498271525709573e-05,Down
7994981,ORAI3,1.8063766666666663,10.057745,20.628424151440854,1.579056774349663e-07,2.6820039072245775e-05,Up
7946292,CYB5R2,-2.449100000000001,8.508326666666667,-20.613814869563623,1.5867939145365703e-07,2.6820039072245775e-05,Down
7932512,,1.208256666666666,10.109471666666666,20.549128367726563,1.6215759635213188e-07,2.7269502453216843e-05,Up
8099912,SMIM14,1.7834866666666698,9.042606666666666,20.499570751214645,1.6488121117138063e-07,2.7588189388811363e-05,Up
8111915,SELENOP,2.86302,6.129943333333333,20.483668886161098,1.657661860665804e-07,2.7597583487294638e-05,Up
8127031,MCM3,-1.5030333333333357,10.230316666666667,-20.44140975776538,1.6814445613904434e-07,2.7850990072598727e-05,Down
7961514,MGP,3.0130066666666657,10.379763333333333,20.427054789387295,1.6896116751253693e-07,2.7850990072598727e-05,Up
8024843,,-1.5169500000000022,9.309825,-20.40954834815424,1.6996331017579138e-07,2.787816915725776e-05,Down
8020847,DTNA,2.0218599999999993,7.411840000000001,20.350688880631832,1.7338273700352433e-07,2.8299632323560538e-05,Up
8044450,ZC3H6,1.8053499999999985,7.690508333333334,20.308939175539766,1.7585576516211404e-07,2.8560318964985044e-05,Up
7950391,PGM2L1,1.8682866666666664,8.008703333333333,20.294909376780133,1.7669582943647e-07,2.8560318964985044e-05,Up
7909503,SERTAD4,-1.5060266666666668,9.972220000000002,-20.28067021532569,1.7755311366645356e-07,2.8560318964985044e-05,Down
7998381,LMF1,1.2513433333333324,9.136361666666668,20.260441140931917,1.7877919798621382e-07,2.8619283439168083e-05,Up
8090162,ITGB5,-1.2476333333333316,10.804783333333333,-20.24421210852879,1.797698245923115e-07,2.8640171528469837e-05,Down
7922846,FAM129A,1.8086399999999956,10.770313333333334,20.213108908332483,1.8168592726868282e-07,2.8807601525073008e-05,Up
7944049,SIDT2,1.4752333333333365,10.810616666666666,20.194539086816693,1.8284101796736295e-07,2.885335248938049e-05,Up
7942832,DDIAS,-2.608473333333332,8.459716666666667,-20.161383317366365,1.849242856443953e-07,2.904445254293127e-05,Down
8055426,MCM6,-1.7263400000000013,9.22223,-20.09753252317346,1.8901295105452137e-07,2.951661442197503e-05,Down
8103932,CENPU,-1.2353433333333315,9.891261666666665,-20.086905037493626,1.8970344134014043e-07,2.951661442197503e-05,Down
8027431,ZNF536,3.0457000000000014,9.069483333333332,19.897023737298504,2.0253868562035106e-07,3.0995107933747325e-05,Up
8091306,PLSCR4,1.2453966666666658,7.752321666666667,19.8964691191586,2.0257759938769426e-07,3.0995107933747325e-05,Up
8089875,POLQ,-1.6530833333333332,7.754491666666667,-19.889396945576618,2.0307455393406238e-07,3.0995107933747325e-05,Down
8090098,,2.248323333333334,8.975651666666666,19.870872656831786,2.0438284185522605e-07,3.0995107933747325e-05,Up
8058390,RAPH1,-1.3566033333333356,9.293785,-19.86509861012384,2.0479260041797543e-07,3.0995107933747325e-05,Down
8102328,CFI,1.5893133333333334,8.11921,19.851733696202434,2.057446488696714e-07,3.0995107933747325e-05,Up
8003204,GINS2,-1.9664733333333295,11.077296666666667,-19.828899670527864,2.0738293312494744e-07,3.0995107933747325e-05,Down
8014063,EVI2B,-2.3929699999999987,6.973025,-19.826618305114238,2.0754743137981503e-07,3.0995107933747325e-05,Down
7906995,UCK2,-1.5293000000000063,10.687283333333335,-19.826117829937452,2.0758353813333496e-07,3.0995107933747325e-05,Down
7925662,,-1.4234433333333323,8.347021666666667,-19.752579366947174,2.129676906987911e-07,3.165707677320379e-05,Down
8151432,,1.7309933333333307,8.349303333333333,19.731211086506544,2.1456192093419464e-07,3.175230347264835e-05,Up
7971905,PCDH20,2.6203366666666645,7.566218333333334,19.675377638562537,2.1879215467022196e-07,3.186366814391265e-05,Up
7986509,,1.8197033333333341,9.884115,19.67081190602664,2.191422652177673e-07,3.186366814391265e-05,Up
7986512,,1.8197033333333341,9.884115,19.67081190602664,2.191422652177673e-07,3.186366814391265e-05,Up
7986527,,1.8197033333333341,9.884115,19.67081190602664,2.191422652177673e-07,3.186366814391265e-05,Up
7940582,BEST1,2.6824933333333325,8.075043333333333,19.632432320704638,2.2211069326230243e-07,3.215486849371689e-05,Up
8033257,C3,1.4110433333333308,8.814598333333334,19.59370928536384,2.2515225467918606e-07,3.2404822763810394e-05,Up
8114805,FGF1,1.9596433333333312,8.394258333333333,19.577036049269402,2.2647649055567376e-07,3.2404822763810394e-05,Up
8124380,,-1.935116666666668,9.630075,-19.564561813724048,2.2747304013902688e-07,3.2404822763810394e-05,Down
8149955,PBK,-1.580163333333329,9.988984999999998,-19.56135442636636,2.2773008159088303e-07,3.2404822763810394e-05,Down
7983306,WDR76,-1.8180800000000006,9.83726,-19.51862700326997,2.3118607132484384e-07,3.275660688043968e-05,Down
7942135,ANO1,-1.6260933333333332,9.012786666666667,-19.470509727879303,2.351498411680372e-07,3.317705195496667e-05,Down
8102610,QRFPR,-1.7290933333333323,8.865476666666666,-19.457527321721038,2.3623253531642245e-07,3.318917606932877e-05,Down
7981525,CDCA4,-1.407416666666666,9.549958333333334,-19.427445056074916,2.387632283109736e-07,3.3403778206178526e-05,Down
8112980,EDIL3,2.3965933333333367,8.971703333333332,19.385455317166812,2.423475188750826e-07,3.376336960662604e-05,Up
7916282,LRP8,-1.4870999999999992,10.862250000000001,-19.347346045566464,2.456537713918132e-07,3.403972585936474e-05,Down
8064844,PCNA,-1.4052400000000038,10.539846666666667,-19.334934322865617,2.4674166063298506e-07,3.403972585936474e-05,Down
7919669,MTMR11,1.1833466666666665,8.58651,19.316942438967974,2.483284215526622e-07,3.403972585936474e-05,Up
8103769,HPGD,2.0365100000000025,7.454128333333332,19.315903770369314,2.484203797286732e-07,3.403972585936474e-05,Up
7927732,ARID5B,1.3102999999999991,10.407416666666666,19.298150289935435,2.499981988759007e-07,3.407034614571966e-05,Up
8113504,NREP,1.786933333333337,11.446166666666665,19.287279749737987,2.509699456948517e-07,3.407034614571966e-05,Up
8078650,CTDSPL,-1.668076666666665,9.018401666666668,-19.27899402685054,2.5171352229471234e-07,3.407034614571966e-05,Down
8035838,ZNF724,-1.1471133333333345,10.339843333333333,-19.252466761243696,2.5411108289565047e-07,3.4124515421095114e-05,Down
8042942,,-1.2922033333333318,10.070365,-19.251890734973433,2.5416343287478117e-07,3.4124515421095114e-05,Down
8122756,PLEKHG1,1.7422333333333333,7.310506666666666,19.217494264288142,2.573118384524917e-07,3.430378329769684e-05,Up
7915485,EBNA1BP2,-1.2287999999999972,11.356499999999999,-19.214813117352477,2.5755911416716846e-07,3.430378329769684e-05,Down
8114900,PPP2R2B,1.5779266666666643,8.838943333333333,19.143105902988168,2.6427413177159664e-07,3.489708866618247e-05,Up
7979824,ACTN1,-1.2447333333333326,12.187166666666668,-19.141878910399356,2.643907583599794e-07,3.489708866618247e-05,Down
7915392,HIVEP3,-1.3260533333333326,8.559113333333332,-19.133823137745846,2.651579251147e-07,3.489708866618247e-05,Down
7947624,PHF21A,1.0989000000000062,10.892383333333333,19.11120206906315,2.673257823507745e-07,3.49743397417385e-05,Up
8148070,,1.1487166666666644,6.797995,19.10580846018653,2.678456507836537e-07,3.49743397417385e-05,Up
8092095,,1.4264933333333345,9.219116666666666,19.08511702808551,2.698507391837897e-07,3.503067863062713e-05,Up
7959777,,-1.3779066666666655,10.325213333333332,-19.079671787312016,2.7038124780223966e-07,3.503067863062713e-05,Down
8151890,,2.2912966666666676,8.822455,19.05136839000715,2.731579690213441e-07,3.5170792454066564e-05,Up
7957140,LGR5,2.33518666666667,7.590496666666666,19.02716138550976,2.755586328235566e-07,3.5170792454066564e-05,Up
8058063,RFTN2,2.4025533333333313,8.119966666666667,19.027051608770833,2.755695743008837e-07,3.5170792454066564e-05,Up
8021470,PMAIP1,-2.2009999999999965,8.40339,-19.02360858051886,2.759129934465195e-07,3.5170792454066564e-05,Down
8002762,RFWD3,-1.2341666666666633,11.200783333333332,-19.015296516955786,2.7674407973587533e-07,3.5170792454066564e-05,Down
8087236,DALRD3,1.285339999999998,10.496363333333333,18.964741804187117,2.8186073511436986e-07,3.56848551220653e-05,Up
8146357,MCM4,-1.710669999999999,10.488931666666668,-18.937074147239347,2.847066188459454e-07,3.590862230194486e-05,Down
7995354,ORC6,-1.9083799999999995,8.242410000000001,-18.89680210045198,2.8890774377562556e-07,3.620318905978507e-05,Down
8097128,EXOSC9,-1.1230666666666664,10.697066666666666,-18.89386688722161,2.892166948945199e-07,3.620318905978507e-05,Down
8097356,PLK4,-1.811639999999998,9.38518,-18.85595568275024,2.9324115615791554e-07,3.6569478564007916e-05,Down
8025004,CAPS,1.674066666666667,11.817466666666666,18.8151468528248,2.9764475594259097e-07,3.698013969634497e-05,Up
8025382,CERS4,1.8329666666666675,8.9808,18.79715008234296,2.9961067770752e-07,3.708601016961819e-05,Up
8040458,KCNS3,1.3010433333333327,8.802698333333334,18.76669204674626,3.0297166982947796e-07,3.733539303774593e-05,Up
8144036,XRCC2,-2.5084733333333307,9.69993,-18.758634701238584,3.0386796147488203e-07,3.733539303774593e-05,Down
8043363,,-1.2424666666666677,11.275,-18.684100409920728,3.1230400689728755e-07,3.82049419296891e-05,Down
7979108,TRIM9,1.588993333333336,8.530756666666667,18.67597327183409,3.1323990590158647e-07,3.82049419296891e-05,Up
7947110,E2F8,-1.6829433333333301,8.475495,-18.656853347644645,3.154543439522988e-07,3.833461054956092e-05,Down
8179534,,1.2320333333333375,8.660413333333333,18.485879019903983,3.3607004665148107e-07,4.0397560806333446e-05,Up
8118622,,1.2320333333333375,8.660413333333333,18.485879019903983,3.3607004665148107e-07,4.0397560806333446e-05,Up
8178234,,1.2320333333333375,8.660413333333333,18.485879019903983,3.3607004665148107e-07,4.0397560806333446e-05,Up
8161693,,2.2013833333333337,8.853945000000001,18.466553414009034,3.3849546030946377e-07,4.054274583425977e-05,Up
7959251,P2RX7,2.6273533333333314,7.680253333333334,18.43363135798638,3.426733726468185e-07,4.084499525550554e-05,Up
8130645,PRKN,1.1781866666666667,7.423826666666666,18.42738757281696,3.434723450022991e-07,4.084499525550554e-05,Up
7929779,ABCC2,1.3637666666666668,10.97965,18.41028063770754,3.456723016258147e-07,4.0942035007850374e-05,Up
7947199,LGR4,1.923816666666666,9.784925000000001,18.397570490485577,3.4731723558270667e-07,4.0942035007850374e-05,Up
7964271,PRIM1,-1.3601566666666647,10.294888333333333,-18.392490542164467,3.4797717233449425e-07,4.0942035007850374e-05,Down
8098637,CYP4V2,1.1494599999999977,9.787436666666666,18.378765020078962,3.497674190473038e-07,4.0958041463482004e-05,Up
8098870,SPON2,1.4587666666666634,9.14901,18.369307760272232,3.5100705921839955e-07,4.0958041463482004e-05,Up
7921882,OLFML2B,1.2210833333333342,7.151071666666667,18.363252048546578,3.5180346152974306e-07,4.0958041463482004e-05,Up
7989657,,-1.7427466666666673,9.119453333333333,-18.349407131017784,3.536319945350749e-07,4.102747220221042e-05,Down
7982792,RAD51,-2.3291600000000012,9.02631,-18.307572072536477,3.592234456677528e-07,4.106130233431786e-05,Down
8108753,PCDHB15,1.9124966666666636,7.877808333333334,18.302538409592433,3.599029874299406e-07,4.106130233431786e-05,Up
7956026,GDF11,1.154363333333335,9.626785,18.302430507783935,3.5991757015356483e-07,4.106130233431786e-05,Up
7923662,,1.1575166666666628,8.758121666666668,18.29622828370835,3.6075692236210993e-07,4.106130233431786e-05,Up
7935188,SORBS1,1.3113033333333337,9.321141666666666,18.29246572987319,3.6126719954322823e-07,4.106130233431786e-05,Up
7963721,CALCOCO1,1.0750366666666682,9.952648333333334,18.292056939135755,3.613226892499364e-07,4.106130233431786e-05,Up
8153664,,-1.1726766666666688,10.045095000000002,-18.273531584139217,3.6384757044979005e-07,4.11887290617245e-05,Down
8152119,NCALD,1.1903766666666658,7.667958333333334,18.262551414461026,3.6535358701166837e-07,4.11887290617245e-05,Up
8132860,EGFR,-1.2489966666666665,8.596578333333333,-18.254351946853745,3.664828445969026e-07,4.11887290617245e-05,Down
7951717,TMPRSS5,1.6182466666666666,9.434143333333333,18.247771291622087,3.673920332562145e-07,4.11887290617245e-05,Up
8097841,TRIM2,1.388833333333334,11.226283333333333,18.206660373073404,3.731305153834305e-07,4.169170057289291e-05,Up
8143367,SLC37A3,-1.374196666666666,10.334868333333333,-18.19657317832114,3.7455411025311336e-07,4.17107966859462e-05,Down
7897675,ANGPTL7,3.1496766666666693,7.886511666666666,18.175810345098423,3.775038825985448e-07,4.189915592961249e-05,Up
7956076,CDK2,-1.2233666666666625,10.95725,-18.10710135637263,3.8745589810812487e-07,4.252592903220892e-05,Down
8053648,KRCC1,1.7491766666666648,8.459595,18.10706071857735,3.874618720619149e-07,4.252592903220892e-05,Up
7942527,POLD3,-1.3347199999999984,9.690006666666667,-18.099185621416147,3.88621534305118e-07,4.252592903220892e-05,Down
8127180,HMGCLL1,1.7847966666666673,6.680751666666667,18.09729044652681,3.889012022858454e-07,4.252592903220892e-05,Up
8076547,TTLL1,1.3021100000000025,9.036014999999999,18.09298877054322,3.895368458066409e-07,4.252592903220892e-05,Up
8051215,,1.3277300000000003,7.753278333333333,18.064748360538808,3.937393676536112e-07,4.282002490063935e-05,Up
7948058,,1.7764299999999997,7.337788333333333,18.050410317958534,3.9589281585242963e-07,4.282002490063935e-05,Up
8043602,NCAPH,-1.7468033333333335,10.331631666666667,-18.04911005699592,3.9608876683776076e-07,4.282002490063935e-05,Down
7929990,PPRC1,-1.1374499999999963,9.450748333333332,-18.040357481062763,3.9741067234231493e-07,4.282389371191605e-05,Down
8062571,,-1.2449233333333312,10.238071666666666,-18.010724125339088,4.01923699866005e-07,4.317049494980119e-05,Down
8175647,CD99L2,1.1296399999999973,9.626513333333333,17.97853672414263,4.068920335111658e-07,4.345528815337032e-05,Up
8170076,SAGE1,1.116646666666669,10.07191,17.96811077277417,4.085163329189445e-07,4.345528815337032e-05,Up
8177867,DDR1,1.1171333333333386,10.666766666666666,17.961198223577036,4.095973413127274e-07,4.345528815337032e-05,Up
8023415,TCF4,1.117993333333337,10.411436666666665,17.944240011751436,4.122631676284668e-07,4.345528815337032e-05,Up
7976216,DGLUCY,1.1513333333333324,8.98977,17.93738269665483,4.133467482111416e-07,4.345528815337032e-05,Up
8082350,MCM2,-1.6266666666666674,10.0209,-17.93305974102521,4.140315225397756e-07,4.345528815337032e-05,Down
7930380,ADD3,1.3961666666666646,11.016816666666669,17.931425500733578,4.1429072988952847e-07,4.345528815337032e-05,Up
7953218,RAD51AP1,-1.9833099999999992,8.905831666666666,-17.905238122615692,4.184696576300295e-07,4.345528815337032e-05,Down
8043393,THNSL2,1.1752966666666704,8.986011666666665,17.9036483724153,4.1872488991900156e-07,4.345528815337032e-05,Up
8124416,,-1.3302000000000014,11.7207,-17.901630320121598,4.190491412263565e-07,4.345528815337032e-05,Down
8171381,FANCB,-1.660003333333332,8.989068333333334,-17.897394393385035,4.1973068185848054e-07,4.345528815337032e-05,Down
7900510,CTPS1,-1.46318,10.319776666666666,-17.894257913890947,4.2023614095519846e-07,4.345528815337032e-05,Down
8051814,ZFP36L2,-1.2409666666666652,10.855883333333333,-17.882166885420578,4.2219117440362705e-07,4.3522289579311364e-05,Down
7900365,MFSD2A,-1.0416300000000012,9.380431666666668,-17.850283535134743,4.273964036909014e-07,4.390362334226807e-05,Down
7932453,,1.3473833333333334,8.029855,17.84341429697653,4.285274224776143e-07,4.390362334226807e-05,Up
7916112,RAB3B,1.4968700000000026,9.115118333333333,17.830668601935166,4.3063505044661563e-07,4.3984092822907534e-05,Up
7956867,HMGA2,-1.5663799999999986,9.784676666666668,-17.822723800272268,4.3195478130434463e-07,4.3984092822907534e-05,Down
7984475,CORO2B,-1.5162466666666694,8.16679,-17.788873388863564,4.3762967694512193e-07,4.442608339402965e-05,Down
8117608,HIST1H2AL,-1.2614000000000014,8.024413333333333,-17.76475814227803,4.417243658600967e-07,4.4672885351747876e-05,Down
7916493,PLPP3,1.496216666666664,10.719358333333334,17.757143968474143,4.430262871099043e-07,4.4672885351747876e-05,Up
8102643,CCNA2,-1.3330666666666673,10.843466666666666,-17.74749241958523,4.446828638773682e-07,4.4672885351747876e-05,Down
8077612,,1.6000233333333316,8.586828333333333,17.7431676317458,4.454274540282997e-07,4.4672885351747876e-05,Up
7987192,SLC12A6,1.1263733333333348,9.395143333333333,17.718246239766504,4.4974591588571717e-07,4.4756725515907276e-05,Up
7942998,,1.8006733333333313,6.956790000000001,17.715205565579268,4.5027607377775066e-07,4.4756725515907276e-05,Up
7952249,USP2,1.424949999999998,8.354635,17.71509185306917,4.502959139811075e-07,4.4756725515907276e-05,Up
7908597,NR5A2,2.101306666666666,8.15594,17.6807554755986,4.563326631293776e-07,4.522175203636573e-05,Up
8138202,ICA1,1.4239266666666657,7.930296666666667,17.670055365781742,4.582326883417074e-07,4.5269823134108864e-05,Up
8034772,ASF1B,-1.737099999999998,11.198749999999999,-17.661492068553617,4.597597769857735e-07,4.5269823134108864e-05,Down
8113358,ST8SIA4,1.8925366666666623,10.625498333333335,17.655138929374672,4.608964784353817e-07,4.5269823134108864e-05,Up
7949503,EFEMP2,1.4674399999999976,8.674836666666668,17.62462236646924,4.6640134171546e-07,4.548899144130472e-05,Up
7937335,,1.4461900000000003,9.225305,17.62461904573007,4.664019448062405e-07,4.548899144130472e-05,Up
8154135,SLC1A1,-1.9921599999999993,8.733880000000001,-17.620084392021255,4.672263288862725e-07,4.548899144130472e-05,Down
7952830,NCAPD3,-1.2714666666666687,10.7326,-17.569854511951185,4.764699304720244e-07,4.625370050999124e-05,Down
7933672,PCDH15,1.3472433333333342,6.130248333333333,17.540136810922725,4.820368508947257e-07,4.6330112780549634e-05,Up
8036252,CLIP3,1.4246066666666704,10.28243,17.53246425317809,4.834861444358571e-07,4.6330112780549634e-05,Up
8121076,PNRC1,1.2814600000000016,10.245403333333334,17.529812107248894,4.839882714319472e-07,4.6330112780549634e-05,Up
8079058,,1.5263433333333334,7.553238333333333,17.522520915978117,4.853717687695187e-07,4.6330112780549634e-05,Up
8014454,MYO19,-1.0852099999999987,9.905561666666665,-17.520958791881558,4.856687665860177e-07,4.6330112780549634e-05,Down
8117594,HIST1H2BM,-1.7439333333333369,13.023366666666668,-17.512881105543677,4.872078406623222e-07,4.6330112780549634e-05,Down
7973306,ABHD4,1.169316666666666,9.768941666666667,17.50674966964163,4.883798001801239e-07,4.6330112780549634e-05,Up
8099107,LYAR,-1.8447233333333342,9.415138333333333,-17.50670457747924,4.883884309689438e-07,4.6330112780549634e-05,Down
7985829,FANCI,-1.5293733333333344,10.320079999999999,-17.49045158706609,4.915106637637653e-07,4.6493836850403675e-05,Down
7912496,MTHFR,1.1304166666666677,8.540161666666668,17.469015678742352,4.95663402119054e-07,4.6753836544923906e-05,Up
8015511,,1.2574200000000006,7.975776666666666,17.453611957768594,4.986722378197173e-07,4.6757445187966684e-05,Up
8028119,WDR62,-1.0665000000000011,8.444873333333334,-17.442904269031548,5.007760572203492e-07,4.6757445187966684e-05,Down
7991581,CHSY1,-1.1532600000000028,10.129503333333334,-17.42748512359721,5.038233713829842e-07,4.6757445187966684e-05,Down
8085145,,-1.2634100000000026,10.265395,-17.415641404162848,5.061784254831968e-07,4.6757445187966684e-05,Down
8144153,NCAPG2,-1.3422066666666668,9.475496666666666,-17.414490688628863,5.064079065946185e-07,4.6757445187966684e-05,Down
8019842,TYMS,-1.3541666666666654,11.451483333333334,-17.41244292662541,5.068165743128347e-07,4.6757445187966684e-05,Down
8056860,WIPF1,-1.3770566666666668,10.186171666666667,-17.408503614849803,5.076037924745011e-07,4.6757445187966684e-05,Down
8009075,TANC2,1.5079333333333302,10.331133333333334,17.40677577636493,5.079495173141988e-07,4.6757445187966684e-05,Up
7929047,IFIT2,1.2690533333333318,6.647296666666667,17.404826134916284,5.083399452816752e-07,4.6757445187966684e-05,Up
7969815,CLYBL,1.496936666666665,7.400541666666666,17.392312182708096,5.108541029958536e-07,4.679828822468384e-05,Up
8084794,IL1RAP,-1.521346666666667,8.036176666666666,-17.388638103274886,5.115949459045835e-07,4.679828822468384e-05,Down
8146863,SULF1,1.3001166666666666,8.468161666666667,17.380991378261935,5.131407651467207e-07,4.679847671751698e-05,Up
8071332,RANBP1,-1.2538033333333325,10.471964999999999,-17.374742394404965,5.14407979055507e-07,4.679847671751698e-05,Down
8133860,GNAI1,1.456046666666668,8.413813333333332,17.354001433794245,5.186396212549242e-07,4.705488683630848e-05,Up
8149927,CLU,1.504739999999997,8.749446666666667,17.330903834226472,5.23398845882446e-07,4.735763959605382e-05,Up
8051298,GALNT14,-1.5493400000000017,9.121076666666667,-17.2987915067822,5.300984928495728e-07,4.770004668430265e-05,Down
8016139,KIF18B,-1.4089166666666662,9.748708333333333,-17.292676456559892,5.313853367522563e-07,4.770004668430265e-05,Down
7917754,BCAR3,-1.2073933333333344,9.262,-17.292223330395178,5.31480833705027e-07,4.770004668430265e-05,Down
8096959,,1.159343333333336,8.277875,17.25782352931189,5.387880860056545e-07,4.821614520734773e-05,Up
8141206,BAIAP2L1,-1.2893866666666665,10.058606666666668,-17.247946792813366,5.409072289128742e-07,4.821614520734773e-05,Down
8007071,CDC6,-1.4875400000000027,10.583463333333333,-17.24484146740696,5.415754664849101e-07,4.821614520734773e-05,Down
7912706,EPHA2,-1.4092466666666668,10.150710000000002,-17.23053290004056,5.446667219098359e-07,4.83288238767521e-05,Down
8171148,ARSD,1.3473833333333296,9.150041666666667,17.225568241356573,5.457439942835327e-07,4.83288238767521e-05,Up
7986068,BLM,-2.3184300000000015,8.997158333333333,-17.206401286762738,5.499258469110498e-07,4.8533666274203606e-05,Down
8139632,,-1.389056666666666,8.542795,-17.201630831768696,5.509723353950495e-07,4.8533666274203606e-05,Down
7906061,SYT11,1.0894999999999975,10.789283333333335,17.168702184351115,5.582580760713275e-07,4.904569698930604e-05,Up
8096919,ALPK1,1.4957733333333325,8.600226666666666,17.13593358092538,5.656176219479827e-07,4.944406588912135e-05,Up
8126820,ADGRF1,-3.3980966666666625,7.557128333333332,-17.135294037709826,5.657623540786027e-07,4.944406588912135e-05,Down
8046020,SCN2A,1.1440666666666663,6.828703333333333,17.127626221904404,5.675009139748556e-07,4.946617259848368e-05,Up
7986520,,1.7432566666666685,9.943305,17.07826184162672,5.788404374206628e-07,5.019751663758453e-05,Up
8175531,CDR1,1.271486666666667,7.4703599999999994,17.07797792161989,5.78906399640582e-07,5.019751663758453e-05,Up
8124423,HIST1H2BG,-1.2811400000000015,8.505313333333334,-17.062230583061403,5.825783798459015e-07,5.038470730838697e-05,Down
8163599,WHRN,1.1161933333333365,8.670406666666667,17.02763793407769,5.907383278671096e-07,5.0841589308106955e-05,Up
8161174,GNE,-1.3311166666666665,10.495141666666667,-17.026895212146297,5.909149491617081e-07,5.0841589308106955e-05,Down
8056060,BAZ2B,1.4820866666666663,8.343716666666666,17.006895844324365,5.956935604373591e-07,5.1105117442004756e-05,Up
8121225,GRIK2,1.8714666666666642,10.256300000000001,16.992671527316794,5.991190998389513e-07,5.1105117442004756e-05,Up
8131844,GPNMB,1.3578333333333328,12.42345,16.989577310621325,5.998672276159245e-07,5.1105117442004756e-05,Up
7905283,ANXA9,1.722876666666668,8.839261666666667,16.98854460305697,6.001171552939862e-07,5.1105117442004756e-05,Up
8140971,SAMD9L,1.4275833333333299,9.253551666666667,16.967808853497385,6.051606601688852e-07,5.140314923888615e-05,Up
8112376,CENPK,-1.6432299999999989,9.780285,-16.94549412310856,6.106422648935873e-07,5.173678242789256e-05,Down
8067955,CXADR,1.7254833333333333,8.780608333333333,16.909836977116562,6.195193165961687e-07,5.230314416588866e-05,Up
7993889,,-1.5729733333333311,10.841413333333334,-16.900195633215336,6.219447839727465e-07,5.230314416588866e-05,Down
7966293,C12orf76,1.303573333333334,8.760746666666666,16.896486823635662,6.228806881804518e-07,5.230314416588866e-05,Up
8037374,PLAUR,-1.1097366666666688,9.658665,-16.8716676409424,6.29185188800046e-07,5.241397812930844e-05,Down
8106418,CRHBP,1.5095033333333325,7.620061666666667,16.866948365431334,6.303921785150647e-07,5.241397812930844e-05,Up
7946661,DKK3,1.5046399999999995,9.617613333333333,16.86197033613948,6.316682073280207e-07,5.241397812930844e-05,Up
8047272,SPATS2L,-1.1161666666666672,11.35035,-16.859357441441645,6.323391541464021e-07,5.241397812930844e-05,Down
7903632,CELSR2,1.007840000000003,9.189373333333334,16.854783025191395,6.335157430189692e-07,5.241397812930844e-05,Up
8149762,TNFRSF10A,-1.2184200000000003,8.03342,-16.85144278090913,6.343764659312041e-07,5.241397812930844e-05,Down
8129666,SLC2A12,2.3615766666666658,6.722001666666667,16.83538432617306,6.385331019372961e-07,5.248838289010469e-05,Up
7927936,DDX21,-1.1547000000000018,10.97025,-16.829472233320622,6.400712234265664e-07,5.248838289010469e-05,Down
8135392,HBP1,1.5512999999999988,10.02945,16.824414395917657,6.41390449563394e-07,5.248838289010469e-05,Up
7921713,,1.0251166666666682,8.397921666666667,16.82367915090923,6.415824799913688e-07,5.248838289010469e-05,Up
7971866,DIAPH3,-1.2577399999999967,8.43774,-16.79958430003644,6.479119540808124e-07,5.287628513487453e-05,Down
7916882,RPE65,1.352493333333332,5.9087,16.716862093528093,6.701901680811573e-07,5.4432793199156005e-05,Up
8012403,,-1.2762666666666658,10.362233333333334,-16.71662984413079,6.702539331367379e-07,5.4432793199156005e-05,Down
8088560,,-1.1240299999999996,7.588595000000001,-16.696082148136366,6.759228546578613e-07,5.475961871421608e-05,Down
8104234,TRIP13,-1.7381266666666637,10.543169999999998,-16.681242915052113,6.800508513280033e-07,5.494214184986596e-05,Down
8010915,RFLNB,-1.04125666666667,9.287908333333334,-16.672152099644645,6.825939361920628e-07,5.494214184986596e-05,Down
8002020,TPPP3,1.366833333333336,8.963853333333335,16.669877580735488,6.832319091320937e-07,5.494214184986596e-05,Up
7901192,,-1.9278433333333338,7.899625,-16.65894130992434,6.863088952003508e-07,5.494214184986596e-05,Down
8096335,HERC6,1.1347633333333333,8.345035,16.645032714378274,6.902450038250223e-07,5.494214184986596e-05,Up
7904131,DCLRE1B,-1.2035733333333332,8.28864,-16.641220789803725,6.913282593325311e-07,5.494214184986596e-05,Down
8089082,DCBLD2,-1.0987000000000047,12.381683333333335,-16.6411366599177,6.913521888261499e-07,5.494214184986596e-05,Down
8177938,PSORS1C1,1.1309933333333329,7.381706666666666,16.641051812928577,6.913763232451523e-07,5.494214184986596e-05,Up
7941214,POLA2,-1.3251733333333306,9.259096666666666,-16.615228583716345,6.987664661530484e-07,5.514071896431536e-05,Down
8014233,SLFN11,-1.7475200000000024,8.82873,-16.612756833290902,6.994785451857523e-07,5.514071896431536e-05,Down
8140151,RFC2,-1.2627999999999973,10.879333333333333,-16.61063416136599,7.000907193565724e-07,5.514071896431536e-05,Down
8127549,SLC17A5,1.2999400000000008,9.677163333333334,16.60921872405384,7.004992678591284e-07,5.514071896431536e-05,Up
8087485,UBA7,1.4589166666666673,8.183231666666666,16.579811698073513,7.090490143131716e-07,5.53659857505294e-05,Up
7987840,VPS39,1.0234999999999972,11.097616666666667,16.57843747454496,7.094514527755283e-07,5.53659857505294e-05,Up
8158714,EXOSC2,-1.0449666666666662,11.664016666666667,-16.56548509288054,7.132573466485011e-07,5.53659857505294e-05,Down
8161255,,-1.3867500000000026,9.204805,-16.56521222680417,7.133377747838278e-07,5.53659857505294e-05,Down
8179851,,1.0715333333333348,9.844333333333333,16.54943520042906,7.180057267564074e-07,5.546969068168932e-05,Up
8125139,,1.0715333333333348,9.844333333333333,16.54943520042906,7.180057267564074e-07,5.546969068168932e-05,Up
7923426,UBE2T,-1.3497866666666702,10.704506666666667,-16.536392814133766,7.218908750951206e-07,5.564074182417183e-05,Down
8017262,BRIP1,-1.6009166666666652,9.632108333333333,-16.52474320559637,7.253814012494679e-07,5.578065708407282e-05,Down
8054611,,-1.1608666666666625,11.6043,-16.518441585456085,7.272775447509855e-07,5.579760462574554e-05,Down
7902687,CYR61,-1.3430066666666662,9.16124,-16.512103753863396,7.291902836339835e-07,5.5815744538300567e-05,Down
7913450,HSPG2,1.0420766666666679,9.423848333333334,16.47124483562609,7.416598921833524e-07,5.664002162850708e-05,Up
7905938,SLC50A1,1.024066666666666,11.707733333333335,16.452379582798468,7.474991986028784e-07,5.6873761814395884e-05,Up
7971197,ELF1,1.1971666666666643,10.713616666666667,16.43960946610032,7.514816317399454e-07,5.699791319372429e-05,Up
7966810,KSR2,1.2843199999999988,7.909850000000001,16.42557343853372,7.558867662591327e-07,5.7001717243394856e-05,Up
8170716,PLXNB3,1.3617500000000007,9.583191666666666,16.425301541748226,7.559723897253831e-07,5.7001717243394856e-05,Up
7936706,MCMBP,-1.1173999999999988,10.953466666666666,-16.423095400091206,7.566675382641237e-07,5.7001717243394856e-05,Down
8021081,SLC14A1,-2.2502733333333342,8.053043333333333,-16.40995380438207,7.608235400083191e-07,5.7185420793808125e-05,Down
7920971,GLMP,1.1193666666666702,11.884683333333333,16.356734761110967,7.77922039291678e-07,5.827649661260328e-05,Up
7941961,ALDH3B1,1.5312433333333346,10.261811666666667,16.35024476702082,7.800369792530057e-07,5.827649661260328e-05,Up
8172022,TMEM47,1.028799999999998,11.015,16.348301798187414,7.806714220527092e-07,5.827649661260328e-05,Up
8016147,,-1.4921066666666656,9.68328,-16.343198644566666,7.823405707971789e-07,5.827649661260328e-05,Down
7902282,HHLA3,1.3944800000000015,9.130113333333332,16.321302411710864,7.89548743497212e-07,5.852239135160083e-05,Up
8038624,C19orf48,-1.3084866666666657,9.806556666666665,-16.317780445759315,7.907152153005271e-07,5.852239135160083e-05,Down
8124430,HIST1H1D,-1.2635899999999993,10.044671666666666,-16.317179693364277,7.909143799207248e-07,5.852239135160083e-05,Down
7985873,TICRR,-1.8366499999999975,10.069308333333334,-16.26031639900678,8.100274191723998e-07,5.9803731654508636e-05,Down
8133770,CCDC146,1.3948866666666644,7.165026666666667,16.254564896998264,8.119897684038876e-07,5.981598079323948e-05,Up
7945781,PHLDA2,-1.232896666666665,9.428855,-16.24326192718057,8.158620222609285e-07,5.987367502220893e-05,Down
8068363,LINC00310,1.2017199999999983,7.860066666666668,16.2417857421432,8.163692963354913e-07,5.987367502220893e-05,Up
7985213,CHRNA5,-1.48022,9.412953333333332,-16.205540489092943,8.289380286817362e-07,6.053097139135002e-05,Down
8097288,FAT4,1.7118033333333336,8.430015,16.20183132874766,8.302366415545539e-07,6.053097139135002e-05,Up
7968417,FRY,1.0428066666666678,7.082853333333333,16.198891519511836,8.312675441049862e-07,6.053097139135002e-05,Up
7966150,SSH1,-1.1115933333333314,9.527136666666665,-16.195089151040538,8.326030842790134e-07,6.053097139135002e-05,Down
7925062,SIPA1L2,1.5654300000000003,9.883851666666667,16.16928468446809,8.41731491001327e-07,6.106129293218123e-05,Up
8117334,HIST1H4A,-1.084583333333332,7.891915,-16.161089739083913,8.446542971138762e-07,6.114011767608856e-05,Down
7932094,PHYH,1.262323333333336,8.762718333333334,16.138462167041595,8.527848746721797e-07,6.159474614307932e-05,Up
8141803,,1.0313533333333342,8.670973333333334,16.119977136623177,8.594931706464626e-07,6.19312344504739e-05,Up
7896021,,-1.1531433333333332,7.493431666666666,-16.115399980014075,8.61163514748158e-07,6.19312344504739e-05,Down
8117900,,1.0658933333333351,10.358486666666666,16.09360511753752,8.691680364517805e-07,6.237217265029081e-05,Up
8172531,PRAF2,1.1411999999999989,11.576966666666669,16.08259212335823,8.732449606279014e-07,6.25299730194134e-05,Up
8082261,,1.4028400000000014,8.062863333333334,16.071191805705496,8.774882383981299e-07,6.269898256210845e-05,Up
8092970,,1.7013166666666695,9.629441666666667,16.062036068829787,8.809130830296858e-07,6.280891418766478e-05,Up
8117408,HIST1H2AE,-1.437190000000002,7.768508333333333,-16.047438401294375,8.864051149773326e-07,6.306545109700906e-05,Down
7967736,,-1.1066566666666646,9.365145,-16.03423711645266,8.914054056654678e-07,6.324317184278976e-05,Down
8046488,,-1.964350000000001,7.989835,-16.01805140382131,8.975800354054625e-07,6.334799253704345e-05,Down
8178676,NEU1,1.1242533333333355,10.07364,16.011557229899623,9.000711630482389e-07,6.334799253704345e-05,Up
7998886,PKMYT1,-1.8167066666666658,8.480903333333332,-16.010427881057424,9.005051783664963e-07,6.334799253704345e-05,Down
7919872,MINDY1,1.446400000000003,9.367313333333334,16.007084632984128,9.017914065098536e-07,6.334799253704345e-05,Up
8092621,,1.548236666666667,7.397548333333333,15.996291604318117,9.059580541285713e-07,6.340857951093884e-05,Up
7986446,ALDH1A3,-1.2683333333333344,11.264033333333336,-15.99498860398979,9.064625596061774e-07,6.340857951093884e-05,Down
8130438,TFB1M,-1.2280999999999964,9.648816666666667,-15.972704542618228,9.151404148893036e-07,6.365403811704309e-05,Down
8117426,HIST1H2BH,-1.2131666666666603,11.88575,-15.970160925933826,9.161369549266968e-07,6.365403811704309e-05,Down
8111255,CDH10,2.1078499999999987,6.866581666666666,15.966385555214796,9.176183528900706e-07,6.365403811704309e-05,Up
7973618,IRF9,1.1114933333333308,9.021576666666666,15.934102513060262,9.303977865391221e-07,6.428596928433946e-05,Up
8053599,,1.4280666666666708,11.413866666666665,15.933622169863472,9.305894583611623e-07,6.428596928433946e-05,Up
8029521,TOMM40,-1.1474299999999986,9.659851666666667,-15.928190942970309,9.327598194221404e-07,6.4302492147617e-05,Down
7988467,FBN1,1.3056266666666676,9.517653333333334,15.913917970352006,9.384909581327731e-07,6.456391205154327e-05,Up
7957665,ELK3,-1.283833333333335,10.25105,-15.898723125594659,9.446364009287674e-07,6.48526974056189e-05,Down
8120927,RWDD2A,1.2164700000000008,7.612858333333333,15.889699998472945,9.483074309139458e-07,6.495162815961858e-05,Up
8102389,ZGRF1,-1.4366566666666638,7.504841666666667,-15.882616349505899,9.512007818455902e-07,6.495162815961858e-05,Down
7896961,,-1.046550000000001,9.568125,-15.87194966430208,9.555766379601727e-07,6.495162815961858e-05,Down
8048350,PLCD4,1.8365333333333327,7.693536666666668,15.867762147198583,9.573007733904977e-07,6.495162815961858e-05,Up
7924996,C1orf198,1.181659999999996,10.602003333333334,15.866847532971969,9.576778209182504e-07,6.495162815961858e-05,Up
7929438,HELLS,-1.7383400000000018,8.77561,-15.866596193650784,9.577814645875822e-07,6.495162815961858e-05,Down
8108724,PCDHB10,1.0025600000000023,7.788259999999998,15.83756213728551,9.698405721468188e-07,6.550259945389985e-05,Up
8162570,HSD17B3,2.220933333333331,9.168566666666669,15.817854926306842,9.78124396435797e-07,6.592835633223224e-05,Up
8097920,LRAT,1.1085933333333364,8.959686666666665,15.800658420539639,9.854187695386e-07,6.628583589762982e-05,Up
8146934,LY96,2.678743333333332,6.7946383333333324,15.752089822650676,1.006357490289299e-06,6.728651677542728e-05,Up
7978260,DHRS1,1.1468099999999999,9.400181666666667,15.744650259122343,1.0096093684915158e-06,6.735689469275158e-05,Up
8122265,TNFAIP3,-1.108886666666666,7.6485899999999996,-15.740437937085371,1.0114559073302637e-06,6.735689469275158e-05,Down
8119974,SLC29A1,-1.2836733333333339,10.12203,-15.731220389808152,1.01551000457259e-06,6.749188946557591e-05,Down
8028791,PLD3,1.0574333333333297,10.834816666666669,15.72318170609032,1.0190607274716657e-06,6.757952659132123e-05,Up
7913644,E2F2,-1.066546666666668,7.174060000000001,-15.719057663411581,1.0208878239911878e-06,6.757952659132123e-05,Down
8062034,TP53INP2,1.3176066666666677,9.014883333333332,15.685608911954157,1.0358454784188613e-06,6.843362479149369e-05,Up
7901867,USP1,-1.1353866666666663,9.433746666666666,-15.673394112215195,1.04136982502045e-06,6.866235854199193e-05,Down
7962689,VDR,-1.221563333333332,8.650108333333334,-15.659242453713967,1.0478121654258294e-06,6.885276620673441e-05,Down
8041867,MSH2,-1.0099233333333317,9.887405,-15.656332203005828,1.0491426374073934e-06,6.885276620673441e-05,Down
8021376,NEDD4L,-1.5335866666666669,10.567639999999999,-15.653283661258717,1.0505383959707857e-06,6.885276620673441e-05,Down
7920928,PAQR6,1.2125466666666695,9.090113333333331,15.648943871060235,1.05252899658311e-06,6.885276620673441e-05,Up
7921533,KCNJ10,1.5188066666666655,7.015016666666667,15.639929843160273,1.0566773517268708e-06,6.898859956950904e-05,Up
8147228,DECR1,1.3609133333333336,9.833943333333332,15.614046325281816,1.0686931503166342e-06,6.96365476048786e-05,Up
8088919,ROBO1,1.0544333333333367,11.367983333333333,15.596966875812852,1.076707112303346e-06,7.002171234055568e-05,Up
8102232,LEF1,-1.0820100000000004,10.559028333333334,-15.585588062240538,1.0820842399697476e-06,7.023422794984928e-05,Down
8021301,RAB27B,1.5440733333333334,9.694163333333334,15.579450388305437,1.0849973326126088e-06,7.028629607782497e-05,Up
8124537,HIST1H3J,-1.6516366666666669,8.840578333333333,-15.57342359644271,1.0878664944992315e-06,7.033532168415712e-05,Down
7954090,EMP1,-1.1097333333333321,11.106666666666667,-15.567674982603815,1.090611281568664e-06,7.03761314775035e-05,Down
8006531,SLFN5,1.4100666666666652,11.476633333333334,15.558092242119208,1.095204302699796e-06,7.052552003273353e-05,Up
7915926,STIL,-1.636726666666663,10.237303333333331,-15.554020653480812,1.097162488421058e-06,7.052552003273353e-05,Down
8112687,,1.3720833333333324,10.360325000000001,15.524272664061055,1.1115910975493033e-06,7.13153155589579e-05,Up
8043377,,1.4115666666666677,11.415783333333332,15.518383961283195,1.1144728456915212e-06,7.133158963827116e-05,Up
7993126,ABAT,1.702716666666665,9.388208333333333,15.50906577885015,1.1190502807421545e-06,7.138125899975387e-05,Up
8060813,MCM8,-1.561766666666666,11.404449999999999,-15.502975992540373,1.1220533805544029e-06,7.143596828359456e-05,Down
7941148,TM7SF2,1.3743299999999994,8.771968333333334,15.491922708960777,1.1275276505734004e-06,7.164749652889793e-05,Up
7934906,ACTA2,1.4029800000000008,8.823970000000001,15.485639731373091,1.1306529294341222e-06,7.170923922165328e-05,Up
8166747,SYTL5,-1.3140033333333307,10.390331666666667,-15.45789660830578,1.14457142807749e-06,7.245398258687488e-05,Down
8047738,NRP2,1.267403333333334,10.336065,15.439484792138044,1.1539162307416217e-06,7.29069235958326e-05,Up
7913682,HMGCL,1.3948266666666693,8.536083333333332,15.419945813349427,1.1639283021773411e-06,7.326147576105657e-05,Up
7956613,TSPAN31,1.0266999999999968,11.383483333333336,15.392636838907503,1.178088094323132e-06,7.375538636046915e-05,Up
8113433,EFNA5,-1.3517033333333328,9.320468333333332,-15.387763492964298,1.180635520621379e-06,7.375538636046915e-05,Down
8130528,RSPH3,1.029076666666665,8.847708333333333,15.369764850585149,1.1900984190239957e-06,7.4067172186438e-05,Up
8117225,GMNN,-1.5756866666666645,8.839906666666666,-15.36595496982635,1.1921125499619498e-06,7.4067172186438e-05,Down
8171879,,-1.0467400000000007,8.312130000000002,-15.362299346194401,1.1940487824186522e-06,7.4067172186438e-05,Down
7945245,NTM,-1.2340333333333335,8.239053333333333,-15.361402832800982,1.1945241752745654e-06,7.4067172186438e-05,Down
7954655,,-1.098626666666669,9.69322,-15.346639972748639,1.2023835453875574e-06,7.44159199084935e-05,Down
8040578,CENPO,-1.002586666666662,9.89824,-15.33184861592941,1.2103172157905417e-06,7.476796351424429e-05,Down
8179184,,1.0525800000000014,10.388309999999999,15.325630103557458,1.213670444029908e-06,7.483626810159972e-05,Up
7978644,NFKBIA,1.1604299999999992,10.375551666666667,15.297295194774813,1.22908415029419e-06,7.524583869268141e-05,Up
7968563,RFC3,-1.6387000000000012,11.208816666666669,-15.296806244239752,1.2293520812331047e-06,7.524583869268141e-05,Down
7965410,DCN,1.4591166666666664,6.192491666666666,15.286812907053017,1.2348427472312952e-06,7.544322743956043e-05,Up
8098611,TLR3,1.080296666666667,9.568985,15.263518957430792,1.2477499892379626e-06,7.607596534146965e-05,Up
7961031,,-1.1642366666666637,9.466515,-15.259326562404034,1.2500892893411204e-06,7.607596534146965e-05,Down
8051583,CYP1B1,2.948813333333335,9.11706,15.25581308869777,1.2520536086471864e-06,7.607596534146965e-05,Up
8146685,RRS1,-1.1158333333333332,10.29665,-15.234430378959562,1.2640843780165633e-06,7.656889713208492e-05,Down
7953844,,-1.1843566666666658,9.467688333333333,-15.233226919141629,1.2647653969620899e-06,7.656889713208492e-05,Down
7991777,,-1.2249233333333363,9.029871666666667,-15.221480693586804,1.271434392520834e-06,7.683294186527442e-05,Down
7914557,SYNC,1.233876666666666,8.622721666666667,15.210577269578204,1.2776607494485172e-06,7.694331877179912e-05,Up
8140170,,1.794370000000001,8.641121666666665,15.180022346923291,1.2952948744703794e-06,7.74462750549418e-05,Up
7913852,,-1.598980000000003,8.035630000000001,-15.173857445494646,1.298886333329504e-06,7.74462750549418e-05,Down
7983734,TMOD2,1.441040000000002,10.314480000000001,15.172383228244703,1.299746841037245e-06,7.74462750549418e-05,Up
8179564,KIFC1,-1.3566633333333333,9.606068333333333,-15.170808248857176,1.3006668815992253e-06,7.74462750549418e-05,Down
7976621,VRK1,-1.2379033333333327,9.540581666666666,-15.169945830866004,1.3011709863172531e-06,7.74462750549418e-05,Down
7948332,LPXN,-1.3982000000000014,10.232166666666668,-15.167146677276932,1.3028086950412828e-06,7.74462750549418e-05,Down
7970513,SKA3,-1.6056766666666662,10.555761666666667,-15.15861884145961,1.30781259095559e-06,7.74462750549418e-05,Down
8077899,PPARG,-1.011266666666664,10.915566666666665,-15.156348090821998,1.3091486921518954e-06,7.74462750549418e-05,Down
8011640,MYBBP1A,-1.0841400000000014,10.294163333333335,-15.155760069388903,1.3094949351572884e-06,7.74462750549418e-05,Down
8124446,,-1.0011933333333387,7.887123333333335,-15.135591464189059,1.3214341401650352e-06,7.800410197009317e-05,Down
7933707,ZWINT,-1.508120000000004,9.601573333333334,-15.129686648388102,1.324953041879808e-06,7.800410197009317e-05,Down
8042637,DYSF,1.263249999999996,7.529105000000001,15.126645290331126,1.3267696651687621e-06,7.800410197009317e-05,Up
8109254,,-1.2561966666666629,10.024001666666665,-15.124090887768588,1.3282976189159032e-06,7.800410197009317e-05,Down
8115907,NOP16,-1.3293800000000013,9.265156666666668,-15.118520194053739,1.3316367685487923e-06,7.806251669431186e-05,Down
8078619,ITGA9,-1.1876100000000025,7.949471666666668,-15.109035828774903,1.3373438463169177e-06,7.825929358666855e-05,Down
8015769,BRCA1,-1.494539999999998,9.131946666666666,-15.079920290532772,1.355038489108884e-06,7.915564310852371e-05,Down
7969129,PHF11,1.279923333333334,8.357301666666666,15.073804982070516,1.3587887972996211e-06,7.923571030417772e-05,Up
8059838,,-1.7780300000000022,10.107485,-15.052097581342062,1.372196986710394e-06,7.981370549104377e-05,Down
8037005,TGFB1,1.060336666666668,10.239198333333333,15.046158353376388,1.3758917305420646e-06,7.981370549104377e-05,Up
7984124,APH1B,1.470140000000002,8.032383333333334,15.041759811663153,1.3786353300521606e-06,7.983377492999441e-05,Up
7934979,ANKRD1,-1.9815766666666663,8.403345,-15.017241168552973,1.3940435357466006e-06,8.02963475556789e-05,Down
8042867,,1.342833333333325,11.676650000000002,15.016508133928271,1.3945072057498261e-06,8.02963475556789e-05,Up
8062766,MYBL2,-1.4408000000000005,11.303466666666667,-15.012717269626073,1.396907864573285e-06,8.02963475556789e-05,Down
8098423,NEIL3,-1.6773966666666664,9.912701666666665,-15.006450548239624,1.400886750854542e-06,8.02963475556789e-05,Down
8136095,AHCYL2,1.0372100000000029,10.232761666666667,15.00612700081,1.4010925287518229e-06,8.02963475556789e-05,Up
8164217,FAM129B,-1.0975133333333305,10.235343333333335,-14.994902063609548,1.4082530099705569e-06,8.056804204981036e-05,Down
8066074,DSN1,-1.3331000000000017,11.112083333333333,-14.98279800401921,1.4160210349557201e-06,8.087350326058424e-05,Down
8117583,,-1.3980766666666717,10.413195000000002,-14.975083421158697,1.4209974866221705e-06,8.088026207189473e-05,Down
7910379,DUSP5P1,1.4598100000000034,8.660901666666666,14.957269062621627,1.4325652994926935e-06,8.139953374950207e-05,Up
7937020,MKI67,-1.2818333333333303,11.462283333333332,-14.934027717068604,1.4478187344073298e-06,8.190636221876091e-05,Down
8036351,,-1.1647433333333301,9.356658333333334,-14.923803941722873,1.454587179191591e-06,8.195158934947954e-05,Down
7978544,EGLN3,1.6222866666666653,8.3288,14.919009556147392,1.4577736127705328e-06,8.199237835206154e-05,Up
8086185,PLCD1,1.0632800000000002,8.108013333333334,14.889345934787496,1.4776662483388534e-06,8.297108443665903e-05,Up
8087790,RRP9,-1.0525899999999995,9.064748333333332,-14.884686785715344,1.48081871509497e-06,8.300811575171248e-05,Down
8148317,MYC,-1.347720000000001,8.251913333333334,-14.862421424269547,1.4959900308249358e-06,8.37176135401309e-05,Down
8040070,SOX11,-1.1082733333333352,9.265596666666667,-14.856834074504532,1.49982490867289e-06,8.37913925907403e-05,Down
8107673,,1.1483966666666667,9.283565000000001,14.849643658452345,1.5047765367127814e-06,8.392720995464904e-05,Up
8008263,PDK2,1.0269000000000024,10.354549999999998,14.841322393455734,1.5105301714638423e-06,8.410722929637384e-05,Up
7914851,,-2.495923333333331,8.022345,-14.817291943436256,1.52728688118001e-06,8.461575920574176e-05,Down
8140504,,1.2731766666666635,7.490565,14.785460951622927,1.5498099279952077e-06,8.525647687054874e-05,Up
8091260,SLC9A9,1.2324466666666676,7.8582833333333335,14.78388570058869,1.5509343323858232e-06,8.525647687054874e-05,Up
7983239,,1.2479833333333363,8.677291666666667,14.781663474141226,1.5525221238704126e-06,8.525647687054874e-05,Up
7983256,,1.2479833333333363,8.677291666666667,14.781663474141226,1.5525221238704126e-06,8.525647687054874e-05,Up
8047763,,1.7338666666666664,9.5481,14.779297669231077,1.5542145376587407e-06,8.525647687054874e-05,Up
7919614,,-1.1104666666666687,11.6295,-14.766365404205635,1.5635030412941267e-06,8.536149004075924e-05,Down
7905085,,-1.1104666666666687,11.6295,-14.766365404205635,1.5635030412941267e-06,8.536149004075924e-05,Down
8090433,MGLL,-1.367533333333334,8.51536,-14.765925885428326,1.5638198313620789e-06,8.536149004075924e-05,Down
7906652,,1.1055066666666622,9.65398,14.756616729120337,1.5705467524245768e-06,8.558837187476454e-05,Up
8021418,MALT1,-1.3410600000000021,8.95937,-14.738506277525628,1.5837282414671696e-06,8.616568505903978e-05,Down
8003503,FANCA,-1.3091333333333313,8.284913333333334,-14.731958493853494,1.5885249472594683e-06,8.620314731809532e-05,Down
8121547,FAM229B,1.0430700000000004,7.715005000000001,14.73050138231931,1.589594631747921e-06,8.620314731809532e-05,Up
8044021,IL1RL1,-1.9359299999999986,6.871418333333334,-14.714592737280757,1.6013268987009051e-06,8.664169116126463e-05,Down
8105778,PIK3R1,1.0480666666666658,10.854000000000001,14.70850412003909,1.6058431850075524e-06,8.664169116126463e-05,Up
7929282,HHEX,-1.1108066666666647,8.215073333333335,-14.708265788468342,1.6060202643647245e-06,8.664169116126463e-05,Down
8054702,CKAP2L,-1.84999333333333,9.863803333333331,-14.702202527006042,1.610532729778551e-06,8.664169116126463e-05,Down
7919815,CTSK,1.5871933333333317,9.913736666666667,14.701989063218846,1.6106918589909843e-06,8.664169116126463e-05,Up
7907058,POU2F1,-1.0397999999999996,11.030566666666667,-14.696611015643258,1.6147069050318164e-06,8.671757389813612e-05,Down
8063043,UBE2C,-1.192483333333333,9.871691666666665,-14.67806219528366,1.62864245161079e-06,8.715466441320288e-05,Down
8097435,C4orf33,1.1311300000000002,8.948798333333333,14.675234481322075,1.630778893308367e-06,8.715466441320288e-05,Up
8087513,,-1.1225566666666689,8.488035,-14.671882422696374,1.6333156318538788e-06,8.715466441320288e-05,Down
8103389,CTSO,1.54255,6.772205,14.660665122547204,1.641837288486348e-06,8.746920991156788e-05,Up
7925257,LYST,1.7531733333333328,10.04458,14.65461112735911,1.646457470498919e-06,8.75044595279513e-05,Up
7940530,MYRF,1.272256666666665,8.480191666666666,14.649471036458486,1.6503918189964914e-06,8.75044595279513e-05,Up
8099721,SEL1L3,1.565426666666666,10.100186666666666,14.64256706610018,1.655693141523346e-06,8.75044595279513e-05,Up
7977933,SLC7A8,2.2967666666666644,8.1599,14.639224264952903,1.6582669298176194e-06,8.75044595279513e-05,Up
7986517,,1.6775733333333314,9.889313333333334,14.626440753872423,1.6681517031023233e-06,8.774794195607908e-05,Up
7986522,,1.6775733333333314,9.889313333333334,14.626440753872423,1.6681517031023233e-06,8.774794195607908e-05,Up
8117165,,1.130123333333335,8.925135,14.618085767068212,1.674648401706643e-06,8.795073790477301e-05,Up
8094520,PCDH7,2.0564866666666672,8.67668,14.607575760719877,1.6828617647804803e-06,8.798076412745372e-05,Up
8040090,RNF144A,1.4861266666666626,9.57347,14.605037031150628,1.6848526041591727e-06,8.798076412745372e-05,Up
8095395,UGT2B7,2.0469033333333333,6.457415,14.603843687220488,1.6857893357754595e-06,8.798076412745372e-05,Up
8068833,PDE9A,-1.1046833333333277,9.017321666666666,-14.570935065396958,1.7118565791507712e-06,8.907008228603149e-05,Down
7969613,GPC6,1.1784666666666652,10.889066666666666,14.570740978761336,1.712011672614955e-06,8.907008228603149e-05,Up
7900167,CDCA8,-1.2212733333333348,10.164530000000001,-14.56572729047086,1.716023631407662e-06,8.907690005612217e-05,Down
7978407,PRKD1,1.458033333333334,9.662550000000001,14.560561647765734,1.7201683856229259e-06,8.907690005612217e-05,Up
7964733,,-1.7709633333333326,5.727621666666667,-14.548070559753961,1.7302380485900202e-06,8.937317917688016e-05,Down
7970676,SHISA2,-1.2366166666666685,8.786328333333334,-14.546809852988401,1.731258088388975e-06,8.937317917688016e-05,Down
8106986,RHOBTB3,1.2528333333333326,11.509116666666666,14.532495156061577,1.7428882891863403e-06,8.969544260438575e-05,Up
7985767,,-1.0581066666666672,10.32568,-14.513906308136223,1.758124103516713e-06,9.033990474505554e-05,Down
8049246,INPP5D,1.013690000000003,8.407601666666666,14.507440744346539,1.763458921980976e-06,9.047440943790533e-05,Up
8124437,HIST1H3F,-1.3786966666666651,9.049808333333333,-14.501476661409448,1.7683963110713578e-06,9.058814149191231e-05,Down
8139276,PGAM2,1.3278033333333321,8.908591666666666,14.484929788959272,1.7821773271407473e-06,9.10521029972222e-05,Up
7899851,AZIN2,1.1764499999999993,8.959885,14.48403919083409,1.7829225201726544e-06,9.10521029972222e-05,Up
8160771,KIF24,-1.1909633333333345,7.503261666666667,-14.44807144998335,1.8133165370955555e-06,9.205586155978227e-05,Down
8057578,CALCRL,1.9723966666666688,6.329371666666666,14.447696800540497,1.8136362189751981e-06,9.205586155978227e-05,Up
8092640,RFC4,-1.295966666666666,10.82135,-14.443847876069048,1.8169241583207636e-06,9.208238006028381e-05,Down
7934026,DNA2,-1.2712766666666708,8.438708333333334,-14.440424815656433,1.8198540068930744e-06,9.20906973670497e-05,Down
8178897,,1.3589966666666686,8.955585000000001,14.422569449920893,1.835224167577569e-06,9.258705925428837e-05,Up
8180105,,1.3589966666666686,8.955585000000001,14.422569449920893,1.835224167577569e-06,9.258705925428837e-05,Up
8092726,,-1.6739799999999998,7.90425,-14.412721923377934,1.8437642739833328e-06,9.2877184615466e-05,Down
7979281,WDHD1,-1.4268733333333328,8.586933333333333,-14.36358849617107,1.887056360035436e-06,9.477121511327288e-05,Down
8001133,SHCBP1,-1.9908533333333325,10.015573333333334,-14.360182122302318,1.890100404447105e-06,9.478113428746274e-05,Down
8119492,BYSL,-1.174043333333331,9.626611666666667,-14.352293661199415,1.8971712747024573e-06,9.499264952446273e-05,Down
7938100,SMPD1,1.145289999999997,9.075198333333333,14.338142791558786,1.909931100595329e-06,9.52020596654531e-05,Up
8061247,RIN2,1.0832466666666654,8.78195,14.312148121920515,1.933625924223743e-06,9.581485659969527e-05,Up
8008819,YPEL2,1.1945300000000005,8.780705,14.311703606747297,1.9340340120156732e-06,9.581485659969527e-05,Up
7997381,CENPN,-1.0201666666666636,10.854583333333332,-14.293713302678993,1.9506326243508163e-06,9.622253998964314e-05,Down
8009353,PITPNC1,-1.3517333333333317,9.614033333333333,-14.285095611297356,1.95864108333446e-06,9.647466294643124e-05,Down
8042468,ANXA4,1.1299399999999988,10.485596666666666,14.270057202551229,1.9727061724071117e-06,9.685067571872454e-05,Up
7983173,CCNDBP1,1.1098866666666645,9.679356666666667,14.267726605041199,1.974896203734207e-06,9.685067571872454e-05,Up
8099797,,-1.3621700000000012,9.789415,-14.267615139772769,1.975001015497311e-06,9.685067571872454e-05,Down
8055688,,-1.2536833333333322,9.212674999999999,-14.254016961134388,1.9878351453350424e-06,9.729848142516208e-05,Down
8108713,,1.0772699999999988,8.018105,14.24867891764665,1.992899190075999e-06,9.729848142516208e-05,Up
8155864,RORB,1.1648133333333337,9.717793333333333,14.22951050822599,2.0112051466209325e-06,9.790511369449881e-05,Up
7947156,MUC15,1.4569000000000034,9.64335,14.2200728754916,2.0202884299978605e-06,9.806055955340927e-05,Up
8154916,GALT,1.044723333333334,8.913158333333334,14.20118992175437,2.038602963976371e-06,9.862976668878133e-05,Up
7974198,LRR1,-1.2188699999999975,8.033744999999998,-14.199707489885595,2.0400487550858645e-06,9.862976668878133e-05,Down
8114898,,1.6827433333333324,7.994661666666668,14.192943449684662,2.04666044322301e-06,9.871461368951452e-05,Up
7986350,ARRDC4,1.3880733333333288,8.345180000000001,14.187955605001708,2.051551571407155e-06,9.871461368951452e-05,Up
8027312,,1.7963766666666692,7.802854999999998,14.180356516524752,2.0590289136653637e-06,9.89314368518263e-05,Up
8155327,ALDH1B1,-1.0971733333333291,10.337546666666666,-14.171300676147041,2.0679802200797716e-06,9.904883252185845e-05,Down
7933821,RHOBTB1,1.1328099999999994,7.8139416666666675,14.168863972177519,2.0703963550834456e-06,9.904883252185845e-05,Up
8138289,ETV1,-1.2777166666666664,10.180108333333335,-14.13735189312985,2.1019337259084733e-06,0.00010009541277493149,Down
8015914,,1.0025466666666674,9.310916666666666,14.135011874368626,2.1042973523876637e-06,0.00010009541277493149,Up
8098021,GRIA2,1.335396666666667,7.7647949999999994,14.123548464149573,2.115920222221608e-06,0.00010024304987906538,Up
8176193,F8,1.299013333333332,7.427996666666666,14.122330278005043,2.1171596439555888e-06,0.00010024304987906538,Up
8058708,ABCA12,1.0535599999999996,6.4924566666666665,14.120087768734438,2.1194434067592283e-06,0.00010024304987906538,Up
8072678,HMOX1,1.2312533333333302,10.13714,14.115630648719653,2.1239908521755783e-06,0.00010031563603530529,Up
8047401,,1.2548499999999991,7.261965,14.093549279052302,2.1466841785984907e-06,0.00010110062672530967,Up
7960702,CDCA3,-1.2305300000000026,9.428868333333334,-14.084960232491358,2.1555857273324974e-06,0.0001011522009263733,Down
8070097,DNAJC28,1.4007666666666638,7.287050000000001,14.083702357462306,2.156892892985105e-06,0.0001011522009263733,Up
8089372,CIP2A,-1.6716800000000007,9.842393333333334,-14.078226321919855,2.1625940358022193e-06,0.00010116192573589753,Down
8035236,,-1.043,7.335616666666667,-14.077667689300945,2.1631765962086387e-06,0.00010116192573589753,Down
8121825,RNF217,1.3370233333333323,9.281065,14.066297775451693,2.1750724239160163e-06,0.00010133490618829838,Up
8007620,GRN,1.0302333333333338,11.63405,14.06206536350073,2.1795196128406286e-06,0.00010133490618829838,Up
8141016,TFPI2,-1.431160000000001,7.895316666666667,-14.060640412339968,2.181019202723812e-06,0.00010133490618829838,Down
7904364,,-1.1043500000000048,9.818425000000001,-14.059621398450995,2.1820923127311752e-06,0.00010133490618829838,Down
7919612,,-1.0486000000000042,12.228000000000002,-14.051711920680278,2.190442148200877e-06,0.00010136085142955816,Down
8127193,BMP5,1.7868800000000005,6.474706666666666,14.0475715067472,2.194827578481888e-06,0.00010136085142955816,Up
8091678,VEPH1,1.6451100000000003,7.921148333333334,14.034078352892852,2.209188728462469e-06,0.000101773888353485,Up
7920757,RUSC1-AS1,1.1319566666666665,8.290135,14.0137405342465,2.2310374492439448e-06,0.00010239909482170739,Up
8010673,SLC25A10,1.213266666666668,10.488833333333334,14.012215273413503,2.2326859128618064e-06,0.00010239909482170739,Up
7949532,FOSL1,-1.8788700000000025,10.579298333333334,-13.998670423437162,2.2473858324800014e-06,0.00010279011821989919,Down
8039491,,-1.1371000000000002,11.203316666666666,-13.9651457753172,2.284245586008354e-06,0.00010433268213624163,Down
8173208,SPIN4,-1.0740833333333364,9.421118333333334,-13.945351038542968,2.3063324881033985e-06,0.00010505328708122962,Down
7965941,GLT8D2,1.4543366666666713,8.944411666666666,13.93405701934144,2.3190431935114123e-06,0.00010548795247861952,Up
8118669,,-1.2627966666666652,9.117695,-13.930823849436207,2.3226965900680226e-06,0.00010550999776193035,Down
8094911,ATP10D,1.3171099999999984,9.876978333333334,13.926150598823376,2.327988824477025e-06,0.00010560632682372138,Up
8015798,LINC00910,1.3411766666666667,7.739991666666666,13.914132186118115,2.3416622637609595e-06,0.00010608207945095057,Up
8038407,RRAS,1.0645,11.30495,13.902854176916211,2.354576539366744e-06,0.0001063776594725841,Up
8128322,NDUFAF4,-1.0659999999999976,10.768133333333333,-13.887597268547257,2.3721762183630174e-06,0.00010692816898641194,Down
8122440,LTV1,-1.1612899999999997,10.153421666666668,-13.886727301149826,2.373184277291e-06,0.00010692816898641194,Down
7963670,MAP3K12,1.0713000000000008,9.81875,13.868382143330855,2.3945553710390757e-06,0.00010721865974055219,Up
7982663,,-1.1204666666666676,10.772833333333333,-13.866975578355847,2.396202962744192e-06,0.00010721865974055219,Down
8076894,MLC1,1.1618566666666654,8.385155,13.866573766749836,2.3966738650840987e-06,0.00010721865974055219,Up
7901748,FGGY,1.2812699999999995,7.986268333333334,13.864631230546342,2.398951902775367e-06,0.00010721865974055219,Up
8047078,MFSD6,1.193353333333331,8.530886666666667,13.856566232029916,2.408436228103711e-06,0.00010749825882998561,Up
7922727,RGS8,1.2432333333333363,7.9195433333333325,13.850771426327464,2.4152771912535787e-06,0.00010751535379300858,Up
7910416,URB2,-1.2934800000000046,9.593526666666667,-13.818150475507336,2.4542025088400796e-06,0.00010867494009789914,Down
8035465,ISYNA1,1.3381900000000033,9.480085,13.818001484324254,2.4543819249067532e-06,0.00010867494009789914,Up
8166289,CDKL5,1.7839866666666662,9.12984,13.811257602778122,2.462518600504988e-06,0.00010877018173162175,Up
7960757,C1RL,1.1280233333333327,8.485241666666667,13.79616674904363,2.480837593142734e-06,0.00010902231531512063,Up
8118086,,-1.6468433333333339,8.946541666666667,-13.792635220434502,2.4851469298788645e-06,0.00010902231531512063,Down
8177947,,-1.6468433333333339,8.946541666666667,-13.792635220434502,2.4851469298788645e-06,0.00010902231531512063,Down
8029701,PPM1N,1.0054433333333348,8.039598333333332,13.783094259208667,2.4968319254703706e-06,0.0001092532694991234,Up
7939665,MDK,1.098866666666667,11.100433333333333,13.782978693208925,2.4969738441551163e-06,0.0001092532694991234,Up
7977621,NDRG2,1.1596500000000005,9.408328333333333,13.771735720805204,2.5108245673248236e-06,0.00010971512548322134,Up
8173506,ERCC6L,-2.163296666666667,7.340005000000001,-13.766948658556604,2.5167484929805547e-06,0.00010982984871661013,Down
8179228,TCF19,-1.6455033333333302,9.003471666666664,-13.757511051485054,2.5284740638578356e-06,0.00011005307307748281,Down
8145570,ESCO2,-2.27117,9.789281666666666,-13.71449589365647,2.5827110609653285e-06,0.00011205494603548596,Down
8117580,HIST1H2AI,-1.7289199999999985,10.315106666666667,-13.706785883498046,2.5925717817694638e-06,0.00011205494603548596,Down
8012958,UBE2S,-1.1526333333333316,11.47445,-13.705158123551067,2.5946590801982063e-06,0.00011205494603548596,Down
7980537,STON2,1.0709466666666687,6.959229999999999,13.692122072435541,2.6114445536240395e-06,0.00011253456828685748,Up
8111234,CDH12,1.2328266666666654,9.84962,13.691286786703454,2.6125242900483776e-06,0.00011253456828685748,Up
8003850,CYB5D2,1.150970000000002,9.957148333333334,13.687577506140245,2.617325253019175e-06,0.00011259570923744117,Up
8021623,SERPINB7,-1.4253033333333345,7.513965,-13.684245721358321,2.621646181122904e-06,0.00011263606824883787,Down
8121949,LAMA2,1.3083300000000007,7.569718333333333,13.672925358655174,2.6363881158329934e-06,0.00011297788300243395,Up
7904843,,1.546803333333331,7.2531083333333335,13.660130284800402,2.6531642008125884e-06,0.00011355065346331202,Up
8004510,CD68,1.0054666666666678,11.895233333333332,13.656544103477701,2.657887948619752e-06,0.00011360679720820523,Up
7969955,METTL21EP,1.0653433333333304,6.249628333333334,13.64700261725465,2.670502757224668e-06,0.00011399965424014075,Up
8117614,,-1.1591700000000005,7.788015000000001,-13.62864584295191,2.694964409231694e-06,0.00011489658122175124,Down
8142718,GRM8,1.0197499999999993,7.537518333333332,13.619928144032446,2.706670578497041e-06,0.00011524809495168283,Up
7968484,BRCA2,-1.956909999999998,8.534085,-13.595024928293993,2.7404308084768893e-06,0.00011653655763710726,Down
7948904,SNORD28,-1.0947666666666613,11.34465,-13.561305064543463,2.78690992487231e-06,0.00011776109107674277,Down
8160168,FREM1,-1.1919533333333336,7.563186666666667,-13.556889426523423,2.7930625702219717e-06,0.00011787148846727628,Down
8162586,,1.1714566666666666,10.109471666666666,13.52918577097596,2.8320187879941247e-06,0.00011876288360685186,Up
7905826,,-1.3885033333333288,10.177981666666666,-13.490999861473155,2.886732692999755e-06,0.00012045054947219654,Down
7997139,CALB2,-1.2990666666666693,8.943063333333335,-13.479181942899846,2.90390878892648e-06,0.00012086431368110625,Down
7949746,POLD4,1.0106000000000024,10.802733333333334,13.458721475923118,2.9339216336018707e-06,0.00012180896338409163,Up
8112260,DEPDC1B,-1.1729266666666676,9.504180000000002,-13.435800103813325,2.967964364211631e-06,0.0001226307175834787,Down
7954631,FAR2,-1.0212166666666673,9.832991666666667,-13.417307805449287,2.995756876555546e-06,0.00012345261970132427,Down
8113103,KIAA0825,1.6115833333333354,7.0890016666666655,13.400110913944253,3.0218685285529677e-06,0.0001243747297839656,Up
7933982,,1.3619966666666665,7.096444999999999,13.366874608881725,3.073071737368103e-06,0.00012602998150902046,Up
8112731,,1.6214300000000024,10.449785,13.363819292968575,3.077828041261487e-06,0.00012602998150902046,Up
7996185,,1.2056466666666668,8.740156666666666,13.362151409423472,3.080428020991413e-06,0.00012602998150902046,Up
8124440,HIST1H3G,-1.784996666666663,8.737345,-13.358853747545936,3.0855759392641373e-06,0.00012606186754561714,Down
8048026,CPS1,1.3689500000000019,8.901445,13.339111202163794,3.1166011771723126e-06,0.00012709443949638662,Up
8140739,TP53TG1,1.0820800000000004,7.730430000000001,13.337920383885454,3.1184838594632507e-06,0.00012709443949638662,Up
7929388,PLCE1,1.23772666666666,10.05887,13.335358402734016,3.1225387375411503e-06,0.0001271041226698138,Up
8041197,YPEL5,1.1122233333333313,10.484321666666666,13.319801427655523,3.14729015606674e-06,0.0001279552140739368,Up
8026971,IFI30,1.0876999999999968,11.873116666666668,13.30206293622808,3.1757852381496023e-06,0.00012855724677651593,Up
8160138,NFIB,-1.1632300000000022,10.381851666666666,-13.300930260780646,3.177614713760181e-06,0.00012855724677651593,Down
8108359,REEP2,1.0586466666666694,9.62991,13.300344602098475,3.178561128727446e-06,0.00012855724677651593,Up
8084064,,-1.0820666666666625,10.981066666666665,-13.29858727326305,3.1814028694431667e-06,0.00012855724677651593,Down
7920642,MUC1,1.5909166666666639,8.615825000000001,13.287113530551752,3.200028039497975e-06,0.00012915313167413827,Up
8135774,PTPRZ1,1.8217466666666637,7.5032700000000006,13.279251746791825,3.212861600584088e-06,0.00012924688978201672,Up
8107706,LMNB1,-1.458539999999999,9.50673,-13.273080330987625,3.2229768458804764e-06,0.00012924688978201672,Down
8091867,BCHE,1.158926666666666,5.680616666666666,13.262683982269582,3.240099008745949e-06,0.00012924688978201672,Up
7982712,KNSTRN,-1.029399999999999,11.193766666666667,-13.262035266090782,3.241170831320782e-06,0.00012924688978201672,Down
8066136,RBL1,-1.2192633333333327,9.643768333333332,-13.259550270700318,3.245280327527496e-06,0.00012924688978201672,Down
7900609,ERMAP,1.0654899999999983,8.284358333333333,13.258820232413315,3.2464887357494777e-06,0.00012924688978201672,Up
7976488,,1.1532966666666662,8.419071666666667,13.258373983692211,3.2472276486234492e-06,0.00012924688978201672,Up
8079237,KIF15,-1.609006666666662,9.336463333333333,-13.254399071825484,3.253817885081623e-06,0.00012924688978201672,Down
7910387,RHOU,1.3705133333333317,8.35284,13.25037735760315,3.260501210785843e-06,0.00012924688978201672,Up
7927710,CDK1,-1.712510000000005,9.821778333333334,-13.2105472850897,3.3275414425718757e-06,0.00013143196608934253,Down
8100026,ATP8A1,1.6428533333333326,7.692826666666668,13.206516459476058,3.33441291037397e-06,0.00013154733018568967,Up
8063345,SNORD12C,-1.1331566666666693,9.729321666666666,-13.202871374471478,3.340640699172721e-06,0.00013163705723118825,Down
8160546,LINGO2,1.761503333333336,8.211748333333334,13.186090687829694,3.3694824879681415e-06,0.00013261661749630637,Up
7901010,KIF2C,-1.1888233333333376,9.876688333333334,-13.175292561323927,3.3881915546307787e-06,0.00013319553033593984,Down
7910383,,1.739600000000001,7.430746666666667,13.160889536951453,3.41333080225792e-06,0.00013393132573849922,Up
7988970,FAM214A,1.4905566666666665,9.282541666666667,13.158662533100749,3.417236760045064e-06,0.00013393132573849922,Up
8170241,,1.0425799999999998,8.559753333333335,13.15538311654943,3.422997813720841e-06,0.00013393132573849922,Up
8170244,,1.0425799999999998,8.559753333333335,13.15538311654943,3.422997813720841e-06,0.00013393132573849922,Up
8162601,ZNF367,-1.5183933333333306,8.81706,-13.116653165709064,3.491878538769297e-06,0.0001359738048756853,Down
7903461,NTNG1,1.0607766666666658,7.6812016666666665,13.113540524723783,3.4974824491722214e-06,0.0001359738048756853,Up
8065710,E2F1,-1.5992700000000004,9.273198333333335,-13.112100612868415,3.5000782866141086e-06,0.0001359738048756853,Down
7908610,,1.3272300000000006,5.119448333333334,13.09994872840316,3.5220729266944005e-06,0.0001365244030735081,Up
8090152,,1.3306933333333304,8.131116666666667,13.078536117758638,3.561213059670299e-06,0.0001377460007183944,Up
8128329,MMS22L,-1.8142466666666677,8.44238,-13.044019722830251,3.6253520003859213e-06,0.00013907067460466592,Down
8161701,CEMIP2,-1.0320333333333367,10.547983333333335,-13.03903179226905,3.634728898804834e-06,0.00013925033925471923,Down
8124088,KIF13A,1.1653733333333363,9.32757,13.018556292512839,3.673511358151141e-06,0.00014011100537498114,Up
8153678,,-1.0040933333333346,9.79342,-13.015553755309444,3.679237921381441e-06,0.00014016886163413942,Down
8139832,,1.6790399999999994,9.23037,12.99688206611304,3.7150781299095905e-06,0.00014121113754748816,Up
7948908,,-1.1489666666666676,10.94435,-12.986957571840048,3.73428971144578e-06,0.00014177952625086675,Down
8130374,FBXO5,-1.6057233333333323,10.193171666666666,-12.981653619834274,3.7446032931886928e-06,0.0001419747400866905,Down
8097647,ABCE1,-1.1366333333333298,10.669883333333331,-12.979036111422015,3.749705001049825e-06,0.0001419747400866905,Down
7985364,IL16,1.1218600000000005,8.591373333333332,12.977745675358394,3.7522230614255828e-06,0.0001419747400866905,Up
8152582,DSCC1,-1.675953333333332,8.510226666666666,-12.972469826002415,3.7625379886048083e-06,0.00014210688454701978,Down
7954065,GPRC5A,-1.3709666666666713,11.65775,-12.971595151624356,3.764251198920967e-06,0.00014210688454701978,Down
8021685,CCDC102B,1.2337966666666667,9.956468333333333,12.969097847460617,3.7691475135633717e-06,0.00014213058296616034,Up
8124510,HIST1H2BL,-1.1976866666666655,8.236393333333334,-12.957434143628062,3.7921119950312014e-06,0.0001423695554920396,Down
7923034,B3GALT2,1.8249099999999994,7.540395,12.950714201744683,3.8054150340245438e-06,0.0001423695554920396,Up
8141843,,1.5893666666666646,7.584766666666667,12.94453421383531,3.817696040665623e-06,0.0001426305916951564,Up
8136401,NUP205,-1.0792033333333286,10.370431666666667,-12.933574467966192,3.839586534741981e-06,0.00014299141953878007,Down
7947274,MPPED2,1.100043333333331,7.426221666666667,12.93161812800723,3.843509039469266e-06,0.00014299141953878007,Up
7913655,ID3,1.3867899999999966,10.188405,12.910950725385778,3.885227296134781e-06,0.0001440605938523383,Up
8089659,CCDC191,1.1282933333333316,6.580846666666667,12.874723732246036,3.959602420092764e-06,0.00014649209086869863,Up
7980098,ALDH6A1,1.434369999999998,8.467638333333333,12.864686255125713,3.980495287458716e-06,0.00014701981635118755,Up
7989387,VPS13C,1.29038,9.821676666666667,12.861899027733696,3.9863190883372776e-06,0.00014701981635118755,Up
7909954,DISP1,1.3115666666666679,8.93062,12.86151953255321,3.987112777881561e-06,0.00014701981635118755,Up
8068478,CHAF1B,-1.1107266666666655,9.44213,-12.832649356496333,4.048023271799906e-06,0.00014877089332508123,Down
8030569,ZNF473,-1.1969133333333368,9.327340000000001,-12.832266888851441,4.048837278515151e-06,0.00014877089332508123,Down
8064939,TMX4,-1.474416666666664,10.721391666666667,-12.83088410590513,4.051781812342762e-06,0.00014877089332508123,Down
7974870,,-1.03703333333333,10.884649999999999,-12.81481137644974,4.086186812948818e-06,0.00014918614288460176,Down
7898357,,1.0430666666666624,7.9713433333333334,12.803095044244971,4.111476041040462e-06,0.0001499450358581865,Up
7970864,HSPH1,-1.0359999999999956,11.8973,-12.781683605178392,4.158153125403023e-06,0.00015132419919361138,Down
7943562,ELMOD1,1.2601833333333325,6.815041666666667,12.772697291907411,4.177922707361996e-06,0.00015132419919361138,Up
8034122,,-1.412976666666664,10.049444999999999,-12.77118860050289,4.181252247656915e-06,0.00015132419919361138,Down
8112865,SERINC5,2.0615366666666666,10.085965,12.766715272735956,4.191142217525183e-06,0.00015132419919361138,Up
7909494,SYT14,1.2493299999999994,9.582535,12.765686356037648,4.193420786358227e-06,0.00015132419919361138,Up
7986525,,1.4988666666666681,9.8301,12.75286905104043,4.221923543382315e-06,0.000151647667987056,Up
7986515,,1.4988666666666681,9.8301,12.75286905104043,4.221923543382315e-06,0.000151647667987056,Up
8106411,S100Z,1.5736566666666698,7.171458333333333,12.749607054381164,4.229212613345716e-06,0.0001517457892096684,Up
7905789,IL6R,1.4966433333333302,9.497145,12.705810658694908,4.328476829090617e-06,0.00015480697419788432,Up
8083941,ECT2,-1.191333333333335,10.827866666666667,-12.702468728213779,4.336159466816598e-06,0.00015491534524312471,Down
7965245,,1.2768733333333346,8.306696666666666,12.685666918309854,4.375020288525927e-06,0.00015580219309844684,Up
8124388,HIST1H3B,-1.3996666666666697,11.779833333333334,-12.656119334761277,4.444325557958787e-06,0.0001578000387039363,Down
7991406,PRC1,-1.1372333333333309,11.17365,-12.64947278376059,4.460086876609169e-06,0.00015786964564927855,Down
8179762,,1.107046666666668,8.20452,12.646874998699086,4.466264414260156e-06,0.00015786964564927855,Up
8124942,,1.107046666666668,8.20452,12.646874998699086,4.466264414260156e-06,0.00015786964564927855,Up
8110032,CREBRF,1.0562533333333342,9.78934,12.638622174627924,4.4859543065176896e-06,0.0001583974767169878,Up
8093440,,-1.3245033333333311,10.412315000000001,-12.61385466772925,4.545640868512327e-06,0.0001603349618631938,Down
7919197,POLR3GL,1.3568066666666676,7.37275,12.594285284501488,4.593439775558136e-06,0.00016150767075687357,Up
8129763,MTFR2,-1.6475933333333308,7.947969999999999,-12.592154888752695,4.598677757897779e-06,0.00016152127985730205,Down
8114300,KLHL3,1.4724466666666656,7.262376666666667,12.5831473397204,4.620899737587492e-06,0.00016213076771596493,Up
8095303,,1.0083833333333312,7.420465,12.578550174124592,4.63228818121119e-06,0.00016235926270504104,Up
7999903,KNOP1,-1.042946666666669,9.217816666666668,-12.567248023272313,4.660422679544348e-06,0.00016300219953864302,Down
8108370,EGR1,-1.0686600000000022,8.94483,-12.543975529302076,4.718969270354799e-06,0.00016453143434031807,Down
8077731,FANCD2,-1.2469499999999991,9.499081666666667,-12.536711837513433,4.737413478839734e-06,0.00016500173285034165,Down
7974461,LGALS3,1.1174099999999973,9.469631666666666,12.534108119997663,4.744044875937086e-06,0.00016506004413174207,Up
8157283,PRPF4,-1.0305333333333273,11.053733333333332,-12.51940854973912,4.781681771752251e-06,0.0001660225838936754,Down
7965040,PHLDA1,-1.449703333333332,10.904781666666667,-12.502285581390275,4.825952423431994e-06,0.0001672109654974143,Down
7902235,LRRC7,2.7907066666666687,8.035103333333334,12.47615203524192,4.8944211109281506e-06,0.00016905553913960025,Up
8040430,VSNL1,-1.5704199999999995,8.65981,-12.468269486096037,4.915289393932444e-06,0.00016942483535172732,Down
7957737,TMPO,-1.4602600000000003,10.854203333333333,-12.431166789097242,5.014884154902991e-06,0.000171437985324235,Down
8080964,GXYLT2,1.1371999999999987,10.783700000000001,12.42831552538964,5.022632268684823e-06,0.00017152675553887032,Up
7901913,FOXD3,1.1468966666666702,9.367488333333332,12.41440352569237,5.060632967768341e-06,0.00017247072254634847,Up
8088979,VGLL3,1.0992866666666694,7.618736666666666,12.411072468674066,5.06978021252528e-06,0.00017252080925361522,Up
7907657,RALGPS2,1.0567033333333349,10.305481666666667,12.410096018465461,5.0724651547974076e-06,0.00017252080925361522,Up
8124413,HIST1H4D,-1.3054266666666665,9.175613333333333,-12.383211190156171,5.147029292755855e-06,0.00017434449070283998,Down
7951271,MMP1,-1.5149333333333348,6.966526666666667,-12.371907868757203,5.178750240525376e-06,0.00017488524012045987,Down
8089261,CBLB,1.394939999999997,10.490863333333333,12.364968637125182,5.198334184150244e-06,0.00017519122806644808,Up
8101489,ABRAXAS1,1.1630366666666703,9.801815,12.360468669873528,5.211079030586463e-06,0.0001754431733887133,Up
8040815,ABHD1,1.1672800000000008,7.811943333333335,12.352234164587223,5.234492976228688e-06,0.00017569850063456314,Up
7968678,FREM2,2.0144800000000025,9.79836,12.336441037611996,5.279734586905637e-06,0.00017635496801814872,Up
8167815,MAGED2,1.2350300000000007,9.641051666666668,12.336163751333967,5.280532874255767e-06,0.00017635496801814872,Up
8157804,OLFML2A,1.400803333333337,9.745131666666667,12.333010224476782,5.2896213152291195e-06,0.00017647167141631294,Up
8023593,MC4R,1.031353333333331,6.770843333333334,12.331275924142474,5.294627135925057e-06,0.00017647167141631294,Up
8083075,PXYLP1,-1.3270466666666663,8.855210000000001,-12.322816122478164,5.319122549971719e-06,0.0001771108235464083,Down
8113512,EPB41L4A,1.6163066666666657,6.89809,12.307582872322977,5.36355617555905e-06,0.00017832908861284202,Up
8151101,MYBL1,-1.6358733333333335,9.325863333333333,-12.306605374165741,5.366421803467812e-06,0.00017832908861284202,Down
7994109,PLK1,-1.013366666666664,12.359416666666666,-12.29737471408759,5.3935683632997455e-06,0.00017869616496795187,Down
8070912,SLC19A1,-1.0512733333333353,9.354983333333335,-12.291474607643934,5.411001850419553e-06,0.00017909555528172947,Down
8163807,PHF19,-1.1074533333333283,10.196173333333332,-12.288608885029827,5.419492527799229e-06,0.00017919845352346665,Down
7974214,,1.5403366666666654,6.604475000000001,12.281774828577866,5.439801952695293e-06,0.00017967597283313178,Up
8061094,,1.4415900000000006,7.606778333333334,12.272407330259917,5.467781012366945e-06,0.0001802581231374081,Up
8095834,,-1.1033066666666644,8.179453333333333,-12.26661913465651,5.485151106924142e-06,0.00018047339565934104,Down
8132387,POU6F2,1.2154766666666652,8.108168333333333,12.246342808212601,5.546496132250627e-06,0.00018182839690466138,Up
7909271,IL24,-1.8890199999999995,9.583056666666666,-12.22224924646127,5.620406650222012e-06,0.00018327870470415865,Down
8038967,ZNF83,1.05469,8.301151666666668,12.213727773212618,5.646815095326437e-06,0.00018361523655184022,Up
7897441,H6PD,1.2023133333333305,9.45532,12.191814533462681,5.715375568714058e-06,0.000185301714032592,Up
7985310,ABHD17C,-1.3642499999999995,9.971741666666667,-12.172247137389023,5.777397308035769e-06,0.00018676698851035633,Down
8147469,CPQ,1.355300000000001,7.7193000000000005,12.162980478242101,5.807036097388449e-06,0.00018736131873521626,Up
8170992,,-1.7891900000000003,7.789648333333333,-12.148816045563171,5.852674775219196e-06,0.00018843242004045236,Down
8105828,CCNB1,-1.0478666666666652,10.7915,-12.147415045869232,5.857211002248497e-06,0.00018843242004045236,Down
7904314,TTF2,-1.0358599999999993,9.170266666666665,-12.14056807057789,5.879438066004285e-06,0.00018896491243604698,Down
7959408,KNTC1,-1.1751766666666688,9.428545,-12.128044716567945,5.9203406924399215e-06,0.00018978593613299812,Down
8140709,KIAA1324L,1.0489766666666647,9.760111666666667,12.126607167975457,5.925056546125365e-06,0.00018978593613299812,Up
7922001,FAM78B,1.0945833333333315,9.159061666666666,12.124041959893285,5.933482281119951e-06,0.00018978593613299812,Up
8085754,SGO1,-1.6684966666666683,10.073218333333333,-12.120365159934291,5.945582939597267e-06,0.00018987411293399387,Down
8066745,ZNF334,1.1132799999999987,8.25391,12.115624886924726,5.961225001100636e-06,0.00019002240321179566,Up
7960654,,1.126736666666665,10.401498333333333,12.114875303042062,5.9637027767164155e-06,0.00019002240321179566,Up
8117415,HIST1H3E,1.1134099999999987,6.5250683333333335,12.106078588055398,5.992868290809629e-06,0.0001907691543777134,Up
8114006,,1.0596133333333335,7.050863333333333,12.097724858397008,6.020715284480451e-06,0.00019128984430090228,Up
8147057,CHMP4C,1.1102333333333312,8.19459,12.088957209493874,6.050100405329562e-06,0.00019185732685357944,Up
7940561,FEN1,-1.05574,9.878496666666665,-12.082059440126628,6.073333171966917e-06,0.00019227998299862654,Down
8151952,NIPAL2,1.0122033333333356,9.749198333333334,12.079635648313023,6.081520950455707e-06,0.00019227998299862654,Up
7954985,,1.300976666666665,9.272295,12.078196734571923,6.0863876615372526e-06,0.00019227998299862654,Up
8074980,GSTT1,1.0537933333333338,10.292869999999999,12.073973803312644,6.100696093327122e-06,0.00019227998299862654,Up
7989915,,-1.5420500000000044,10.004975000000002,-12.070003503524799,6.114183427892099e-06,0.00019227998299862654,Down
8004167,,-1.0563766666666639,9.645645,-12.068363501476748,6.1197644987235466e-06,0.00019227998299862654,Down
8096301,SPP1,1.9478100000000005,9.865061666666668,12.0546401501012,6.166693941395652e-06,0.0001933450171060744,Up
8174767,TMEM255A,1.1558000000000017,9.278709999999998,12.052771623909138,6.173115287977498e-06,0.000193364270690298,Up
7953442,GPR162,1.1342800000000017,7.78535,12.04783122761144,6.190130023571811e-06,0.00019371499943126935,Up
7981427,CKB,1.1170000000000044,10.900166666666665,12.044283361850638,6.202381772734433e-06,0.0001939161557621957,Up
7915084,YRDC,-1.0131466666666638,10.166759999999998,-12.040619713724153,6.2150622893467845e-06,0.00019394838711188367,Down
8038874,LINC01530,1.0464700000000013,7.160918333333332,12.035300412377957,6.233525800500628e-06,0.00019434242376336087,Up
7920165,FLG,-1.7872333333333328,9.353616666666666,-12.02279574257466,6.277176122112841e-06,0.0001951551198300572,Down
8109830,SPDL1,-1.1736666666666657,10.813433333333334,-12.010966459428799,6.318788939949092e-06,0.00019608267971433824,Down
7918857,TSPAN2,-1.1263100000000008,7.018105000000001,-12.006519831711502,6.3345122251077916e-06,0.0001963875731465681,Down
8108744,PCDHB14,1.4076233333333323,8.439561666666668,11.998454677579383,6.363144255620526e-06,0.00019709173421339225,Up
8139207,INHBA,-1.2597333333333307,10.8525,-11.988787020855172,6.397659376753651e-06,0.00019760933605544184,Down
8109677,GABRG2,1.0642666666666663,8.019766666666667,11.98227678415146,6.42102190012842e-06,0.00019796367241534815,Up
8041913,PPP1R21,1.055566666666664,9.01101,11.976432259938887,6.442078098962128e-06,0.0001982457250102976,Up
7908758,SHISA4,1.3152733333333337,10.27703,11.972967054309883,6.454599333046593e-06,0.0001984476398822275,Up
7992518,RAB26,1.0108400000000006,9.597646666666668,11.970789529913091,6.4624817912927745e-06,0.00019850669391575232,Up
8120838,TTK,-1.5118633333333316,9.291645,-11.96329022829454,6.489712498700249e-06,0.00019879296878493302,Down
7917052,SLC44A5,1.0447566666666666,7.549581666666666,11.954382759583023,6.52222601990327e-06,0.00019942200163886059,Up
8131867,,1.793936666666666,9.580865000000001,11.944698449140851,6.5577853964623446e-06,0.0002000448035601426,Up
8091863,SLITRK3,1.1722266666666674,6.312496666666667,11.936680803694884,6.587391828438634e-06,0.0002004444472672898,Up
7928354,FAM149B1,1.0720700000000025,8.700155,11.936167475192274,6.58929254481796e-06,0.0002004444472672898,Up
8094938,NIPAL1,-1.3917966666666677,8.678931666666667,-11.918560391533985,6.654865762326115e-06,0.00020162608306476128,Down
7942520,,1.188416666666666,7.770145,11.91679476985736,6.661482203259468e-06,0.0002016430662926641,Up
7980485,DIO2,1.5199666666666678,6.459859999999999,11.912884115882301,6.6761635166968954e-06,0.00020190392063165898,Up
8067040,NFATC2,-1.3983399999999975,10.862029999999999,-11.910522212524807,6.685048349051785e-06,0.00020198916050669446,Down
7899462,,-1.0827566666666706,10.140555,-11.901079994285109,6.720701899249378e-06,0.00020213657963252875,Down
8109149,PCYOX1L,1.010319999999999,9.799406666666666,11.898836909667645,6.729203463735288e-06,0.00020213657963252875,Up
8103646,NEK1,1.2376433333333323,9.013041666666668,11.89080966864207,6.7597279911123685e-06,0.00020259105573363503,Up
8166355,CNKSR2,-1.0473000000000008,8.422246666666668,-11.869573115426427,6.8412443104673545e-06,0.0002046656889538468,Down
7952335,SNORD14E,-1.8241700000000032,9.561115000000001,-11.86624760941254,6.85411014944123e-06,0.00020486652212382822,Down
8066619,PLTP,1.1057333333333272,11.284300000000002,11.855245285019867,6.896872765078962e-06,0.0002057752441387403,Up
7900633,,1.5384033333333347,5.945158333333333,11.851618478965799,6.911035428157405e-06,0.00020585320540154162,Up
8161839,NMRK1,1.0082000000000015,5.355273333333333,11.820398989163655,7.034323849261785e-06,0.00020887256820477964,Up
8172270,,-2.346130000000001,9.522168333333333,-11.804818973597001,7.096784439131153e-06,0.00020963959673947732,Down
8030931,ZNF528,1.246640000000003,8.380833333333333,11.801702291325382,7.109354805795651e-06,0.00020963959673947732,Up
8056222,DPP4,1.796326666666667,6.9669799999999995,11.796995530742175,7.128386355569695e-06,0.00020963959673947732,Up
7961891,BHLHE41,1.53322666666667,8.7251,11.756651780380418,7.293910957284977e-06,0.00021266668401463912,Up
8155214,MELK,-1.5827933333333324,9.927403333333332,-11.753559311387923,7.306778109950612e-06,0.00021285545995365312,Down
8083594,PTX3,-1.0793633333333317,7.658168333333332,-11.749018594324752,7.3257179127975355e-06,0.0002132206550195975,Down
7919314,FMO5,1.5178799999999997,6.81973,11.73945405470523,7.365795430024101e-06,0.00021401299339748035,Up
7950810,SYTL2,1.3022966666666647,8.158498333333334,11.709985683073555,7.4908496868670335e-06,0.0002167009748250318,Up
8097098,USP53,-1.0058166666666641,10.042658333333334,-11.698412813376052,7.540619724453061e-06,0.00021746749658965768,Down
8035789,,-1.3542699999999992,7.871128333333334,-11.696240841864272,7.550002284219127e-06,0.00021746749658965768,Down
8091411,TM4SF1,-1.0217999999999954,11.541033333333331,-11.673875157189894,7.6473940173146e-06,0.00021951317120217606,Down
8117422,HIST1H4F,-1.0848266666666682,10.502186666666667,-11.668010765690052,7.673166323192228e-06,0.0002198738546156038,Down
8115490,ADAM19,-1.0414533333333316,8.658923333333332,-11.65805892551094,7.717127984891991e-06,0.00022029724076832414,Down
8108688,PCDHB3,1.1940166666666665,7.636275000000001,11.644796689033763,7.77615870776403e-06,0.00022130150127557167,Up
7902104,,1.0068966666666663,8.658251666666667,11.640779388038526,7.794141004123993e-06,0.00022162383690377163,Up
8172268,MIR222,-2.071600000000001,7.7702566666666675,-11.635093744763413,7.819671982125415e-06,0.00022216008360821668,Down
8104825,BRIX1,-1.0243666666666715,10.858783333333335,-11.631733927882973,7.83480366943434e-06,0.00022240021976228062,Down
7914516,MTMR9LP,1.2389333333333332,8.568586666666667,11.621422746413165,7.8814505478509e-06,0.00022296402624621194,Up
7964347,NEMP1,-1.183756666666671,10.338921666666668,-11.619129970781648,7.89186570408133e-06,0.00022306723418863704,Down
8094278,NCAPG,-1.4461,11.018916666666668,-11.595025569716354,8.002314073176694e-06,0.00022561647052884363,Down
8015642,PSMC3IP,-1.1361400000000006,8.234626666666667,-11.588196597966471,8.03392355077578e-06,0.0002259337436403557,Down
8141228,TMEM130,1.0127566666666623,8.500521666666668,11.58438580734305,8.051624343371131e-06,0.00022624045211918023,Up
8144917,LPL,-1.6558766666666684,7.431241666666668,-11.570978035971383,8.114255468184646e-06,0.00022685169128811432,Down
7926319,,-1.204409999999998,9.446924999999998,-11.562043483542931,8.156298395825486e-06,0.00022738545242938875,Down
7930818,ENO4,1.1440099999999984,6.827041666666666,11.559779920346145,8.166989208262156e-06,0.00022738545242938875,Up
7954729,FGD4,1.2460766666666636,9.488595,11.555306611269097,8.188163514156556e-06,0.0002275803677219289,Up
7958273,,1.9730333333333339,6.36408,11.535668683842657,8.281860239813593e-06,0.00022922784738576324,Up
8018352,SLC25A19,-1.3854866666666708,9.007733333333334,-11.526366384630348,8.326668287667905e-06,0.00023008553856803174,Down
8021668,CDH7,1.1791299999999976,6.896398333333334,11.515492920692854,8.379394017832178e-06,0.00023131774485119467,Up
8122202,MYB,-1.1683433333333344,6.526951666666668,-11.512535647392456,8.393799464449913e-06,0.00023131774485119467,Down
7904452,,-1.4249933333333318,10.640936666666667,-11.51145929441915,8.399049569783894e-06,0.00023131774485119467,Down
7924309,ESRRG,1.0869766666666654,6.784418333333334,11.503093814405828,8.439981134349297e-06,0.0002322529353970484,Up
8010260,,-1.0706299999999975,9.470604999999999,-11.471219723984587,8.598028754076045e-06,0.00023565431813459765,Down
7955736,ESPL1,-1.2091366666666692,9.843531666666667,-11.454797216004392,8.680770663260934e-06,0.00023674519162476414,Down
7957861,ANO4,-1.7700733333333343,6.680793333333334,-11.454665263213897,8.681439137875395e-06,0.00023674519162476414,Down
8150962,TOX,1.1581600000000003,7.361160000000001,11.405860764969676,8.932743447423268e-06,0.00024220973824825128,Up
7966321,GPN3,-1.0002366666666647,9.125455,-11.404014226889316,8.942412657105974e-06,0.00024227462509654807,Down
8120362,BEND6,1.3216566666666671,7.913358333333334,11.396345385781345,8.982697211824624e-06,0.00024285879615548774,Up
7930274,,1.3405266666666664,6.503103333333333,11.395745769231683,8.985855688607408e-06,0.00024285879615548774,Up
8142061,,-1.01651,9.436995000000001,-11.392661441452113,9.00212231823608e-06,0.00024292031565927797,Down
8115099,PDGFRB,1.0820666666666663,8.720756666666666,11.392116665298147,9.00499892233731e-06,0.00024292031565927797,Up
8075310,LIF,-1.4078466666666685,7.138676666666668,-11.38663440643532,9.034005328969096e-06,0.00024312683124816443,Down
8039928,,-1.4567599999999992,10.560186666666667,-11.385582385698363,9.03958365874486e-06,0.00024312683124816443,Down
8115851,STC2,-1.0101866666666655,7.213193333333333,-11.361795389066986,9.166764570077109e-06,0.0002452872414350771,Down
7978801,MDGA2,1.0540866666666657,6.891696666666667,11.348059289493277,9.241132105517894e-06,0.00024679050588579337,Up
7963946,MMP19,1.3330866666666654,8.386793333333333,11.34064510368477,9.281557350970933e-06,0.0002474653267755165,Up
8099633,PPARGC1A,2.1146866666666684,7.702143333333333,11.340446336241675,9.282643876103558e-06,0.0002474653267755165,Up
8166049,PRPS2,-1.255899999999997,11.058349999999999,-11.33070390645147,9.336076584013985e-06,0.00024849188011024276,Down
8167347,SUV39H1,-1.0327100000000002,9.252441666666666,-11.32632491400469,9.36020708349479e-06,0.0002487364846441549,Down
8093500,TACC3,-1.0370766666666649,9.376675,-11.320875350300783,9.390335995474612e-06,0.0002489570373693884,Down
8180357,,-1.1120333333333328,10.90995,-11.311711633150502,9.441248015145991e-06,0.00024969438853083084,Down
8160670,AQP3,1.460413333333334,9.12804,11.308620588477813,9.45849199264148e-06,0.00024975369379776633,Up
8080419,GNL3,-1.10626666666667,10.9627,-11.2993228613407,9.510577181903489e-06,0.0002501371946491631,Down
8146130,GINS4,-1.4752400000000003,8.119956666666667,-11.282871551284911,9.60353654397853e-06,0.0002515884786033463,Down
7909146,,-1.4367066666666624,10.68558,-11.274433136321097,9.65161866337907e-06,0.0002526493291151988,Down
7935146,NOC3L,-1.2286899999999978,10.059921666666666,-11.256152422410738,9.756723118921429e-06,0.0002544006340569513,Down
8081503,DZIP3,1.2217633333333342,9.185388333333332,11.242683823414344,9.834992515685798e-06,0.000255640707099758,Up
7971671,GUCY1B2,1.2161200000000016,6.8141066666666665,11.235766471626357,9.875468042741928e-06,0.00025649255804928076,Up
8089701,ZBTB20,1.1119833333333349,8.684958333333332,11.213525415231897,1.0006895139563236e-05,0.00025918357499164394,Up
8004545,ATP1B2,1.149106666666665,8.668193333333335,11.20516171191774,1.0056831193742903e-05,0.0002601882737047844,Up
8124385,,-1.2427366666666644,9.903765000000002,-11.19102653715932,1.0141871006021379e-05,0.00026177820068797974,Down
8040712,CENPA,-1.1091333333333324,10.5451,-11.180723033876422,1.0204373553117318e-05,0.00026278037602331584,Down
7944339,,1.9474000000000053,8.739189999999999,11.165524503544741,1.0297370389759238e-05,0.00026415809986396645,Up
7955441,,1.701656666666664,7.204768333333334,11.161156889827812,1.0324272762158446e-05,0.00026415809986396645,Up
7968734,SLC25A15,-1.004270000000004,9.536308333333334,-11.160840797985959,1.0326222829599618e-05,0.00026415809986396645,Down
8124518,HIST1H2AJ,-1.7655633333333327,6.060081666666666,-11.16025102172482,1.0329862458731594e-05,0.00026415809986396645,Down
8152506,,1.1272966666666664,7.490905000000001,11.149203121692869,1.0398311314794962e-05,0.0002653123155928949,Up
7951297,MMP12,1.4193399999999987,6.543346666666667,11.143769042794288,1.043216784669446e-05,0.00026597235282648196,Up
8154381,,1.9325766666666673,8.756955,11.135009076958163,1.0487009956680094e-05,0.0002669617511678724,Up
7967486,CCDC92,1.253120000000004,9.703606666666667,11.121730339664326,1.0570767574004482e-05,0.0002679320575895891,Up
7984540,KIF23,-1.5045533333333279,10.871889999999999,-11.11746285777022,1.0597846483558475e-05,0.0002681432327986676,Down
7928534,LRMDA,1.052226666666665,7.938173333333334,11.113335703911252,1.06241099201691e-05,0.0002686036355443208,Up
7936734,FGFR2,1.1290433333333345,7.078821666666666,11.110824289399297,1.0640127659357315e-05,0.00026867324479047634,Up
8081758,GRAMD1C,-1.218316666666666,6.914381666666666,-11.104371501510087,1.0681409305359925e-05,0.00026923458413366345,Down
8058849,MARCH4,-1.1470666666666647,8.358046666666665,-11.065705957401041,1.0932615898739096e-05,0.0002730857551240178,Down
7962183,AK4,-1.2468366666666655,10.534648333333333,-11.034493479227933,1.1140301141288072e-05,0.00027681985604587235,Down
7908178,SWT1,1.059010000000002,8.717201666666666,11.025006530222688,1.1204311759351423e-05,0.0002779955057012849,Up
8148124,MTBP,-1.0651199999999965,8.719819999999999,-11.005477755160284,1.133739615294562e-05,0.0002806700964346694,Down
8075635,,-1.9466666666666652,9.572899999999999,-11.00380861356697,1.1348854020421946e-05,0.0002807450165809729,Down
8180232,,1.1235500000000007,7.668031666666668,11.000142631562472,1.1374065440867773e-05,0.00028115980473984725,Up
8008310,EME1,-1.2744899999999986,8.491651666666668,-10.996311719513185,1.1400479088781626e-05,0.0002816036737530874,Down
7976084,SPATA7,1.1256633333333352,7.059071666666665,10.994489318849366,1.1413068753438554e-05,0.0002817056710772747,Up
8068254,IL10RB,1.053756666666665,9.769688333333333,10.986691754798533,1.1467115154716428e-05,0.00028283002467155026,Up
8016832,MMD,-1.1456199999999972,9.038113333333333,-10.98086205738816,1.1507711797419234e-05,0.0002834114494960564,Down
7996807,ZFP90,1.098450000000001,8.292135,10.958149410885316,1.166744148720923e-05,0.00028546472312608183,Up
7929078,KIF20B,-1.295953333333333,9.663156666666666,-10.941529582611153,1.178591829283071e-05,0.00028766212256163494,Down
8095819,,1.6281200000000007,6.714073333333334,10.919746906313827,1.1943273441389783e-05,0.00028986875669507057,Up
8067167,AURKA,-1.099066666666663,11.156766666666664,-10.910259490047553,1.2012554039277392e-05,0.00029026270816097193,Down
8156126,RMI1,-1.1685399999999986,8.516423333333332,-10.900301103262972,1.2085765165487154e-05,0.00029118648532216047,Down
7938012,,1.4291599999999987,7.158260000000001,10.873692972178358,1.228387849503743e-05,0.0002942563325534254,Up
8094550,C4orf19,-1.9661900000000005,6.818455,-10.863194578202142,1.2363057743872636e-05,0.00029544889138135194,Down
7957338,SYT1,1.1303266666666665,8.922386666666666,10.86238930712821,1.2369155016536164e-05,0.00029544889138135194,Up
8009502,KCNJ2,-1.0391599999999974,8.270439999999999,-10.85712970775273,1.2409063217505062e-05,0.00029597749137053443,Down
8171876,,-1.0500766666666654,9.034595000000001,-10.849271540182992,1.24689612374743e-05,0.00029636722571263523,Down
8093950,S100P,1.0575533333333373,8.171750000000001,10.843538352751311,1.251286897445695e-05,0.0002969643608285767,Up
8054580,BUB1,-1.324343333333335,10.439461666666668,-10.837972273799862,1.255566493197041e-05,0.0002976146622891719,Down
7962487,RACGAP1P,-1.0535566666666678,7.4092883333333335,-10.80607086484062,1.2804174914616053e-05,0.00030164376156366205,Down
7951977,,1.1269399999999976,9.88003,10.789999878885979,1.2931479077967022e-05,0.0003032249710275126,Up
7923582,,-1.0626733333333336,9.034033333333332,-10.78644358848459,1.2959843562478483e-05,0.00030367622174514147,Down
8023766,RTTN,-1.0113966666666647,7.916071666666666,-10.780502748681698,1.3007384589563837e-05,0.0003043618304137084,Down
8046695,ITGA4,1.1377000000000024,9.80825,10.770560451658303,1.3087390547312967e-05,0.00030540404083136905,Up
8045835,,1.3505766666666668,7.190145,10.769273719107058,1.3097785695624079e-05,0.00030540404083136905,Up
7939365,,-1.227230000000002,8.781945,-10.74668464813128,1.32818118762379e-05,0.00030861443827152364,Down
8022711,,1.49265666666667,8.063735,10.737555856857483,1.3357012789197028e-05,0.0003097134086642712,Up
8095697,CXCL1,-1.079086666666665,8.280980000000001,-10.713224990120477,1.3559817290000642e-05,0.0003129054256236696,Down
7902977,KIAA1107,1.5553300000000005,7.486161666666667,10.713169610313992,1.3560282866107731e-05,0.0003129054256236696,Up
8070584,TMPRSS3,1.0966366666666678,7.358571666666666,10.713148924803356,1.356045677313137e-05,0.0003129054256236696,Up
8112045,ESM1,-1.1610966666666662,6.0401083333333325,-10.710292120626313,1.3584498808648966e-05,0.00031324311414929684,Down
8134904,POP7,-1.0154566666666665,9.690205,-10.704015622267043,1.363749013664993e-05,0.0003142474111280503,Down
8055941,RPRM,1.3758766666666669,8.000561666666668,10.667523600223095,1.3950273631874361e-05,0.0003194651039343333,Up
7906930,NUF2,-1.55035333333333,10.34409,-10.662730939270421,1.3991954701736056e-05,0.0003201993922362237,Down
8102792,PCDH18,1.3608766666666674,9.155181666666666,10.66062541890512,1.401031078576017e-05,0.00032024434243775856,Up
7959267,P2RX4,1.3056500000000015,7.256518333333332,10.65593774422232,1.4051276548317432e-05,0.0003205747435305347,Up
8163002,KLF4,-1.041496666666665,7.506438333333333,-10.633722017690644,1.4247279068414788e-05,0.00032381682671741105,Down
8122396,AIG1,1.0012599999999987,8.433950000000001,10.6292441398207,1.428716077164864e-05,0.0003241955562650974,Up
7909789,TGFB2,1.0441566666666673,9.213418333333333,10.620073075404333,1.4369237990044629e-05,0.00032543100001843403,Up
8068902,RRP1B,-1.023053333333331,10.060939999999999,-10.613523566021552,1.4428181005618632e-05,0.00032636898297831767,Down
8120654,KCNQ5,-1.4415200000000026,8.285413333333334,-10.602638665422297,1.4526748957809745e-05,0.00032813575804629307,Down
7979033,,-1.1246400000000027,10.155480000000003,-10.598315924802492,1.456610530224352e-05,0.0003285959405479692,Down
8021187,SKA1,-1.8273133333333347,9.00261,-10.59069522499943,1.4635783000185138e-05,0.00032952507231223096,Down
8044532,IL37,-1.1827866666666704,6.826423333333334,-10.58715046091946,1.4668322401220242e-05,0.00032952507231223096,Down
7988687,GABPB1,-1.0156466666666675,9.630343333333334,-10.581409555025601,1.4721195772597994e-05,0.00033030435016185677,Down
7908481,CFHR3,1.0033133333333326,6.105536666666666,10.567881466989588,1.4846646260355763e-05,0.00033267078097649113,Up
7907649,C1orf220,1.2988300000000015,8.191045,10.53682957774805,1.5139216773036648e-05,0.0003369588909704554,Up
8124524,HIST1H2AK,-1.7960933333333327,10.005586666666666,-10.516670165484001,1.5332660772268643e-05,0.00034035440382281933,Down
7938348,WEE1,-1.1814266666666677,9.30968,-10.489470742241263,1.5598120700101368e-05,0.0003438737575676391,Down
8155802,GDA,-1.148666666666667,10.009,-10.47068731894218,1.5784487534608076e-05,0.00034555232410920275,Down
8120165,CENPQ,-1.2011466666666673,8.27017,-10.453203377157683,1.5960234814053157e-05,0.00034893495640415495,Down
8111136,RETREG1,1.1804733333333355,8.771033333333333,10.446493340568429,1.6028272455495393e-05,0.0003501925117786287,Up
7964119,STAT2,1.262430000000002,9.363161666666665,10.426573205398581,1.6232203343450625e-05,0.00035348834187500026,Up
7972826,LINC00346,1.3719333333333348,7.793093333333331,10.41886506471509,1.6311903735757047e-05,0.00035475993382723864,Up
7917976,SASS6,-1.409100000000001,10.068816666666669,-10.41354251816655,1.63671968344594e-05,0.0003551657658217734,Down
8156290,CKS2,-1.001200000000002,12.183366666666666,-10.384568213445933,1.6671951407989867e-05,0.00036000386902194464,Down
7907183,,-1.1017299999999972,9.214775,-10.379697662758245,1.6723809989394102e-05,0.0003604224603345342,Down
7924712,LIN9,-1.200189999999999,8.612048333333332,-10.375603625801205,1.6767542363000076e-05,0.00036113121478707213,Down
8117543,HIST1H2AH,-1.1049000000000027,8.166926666666667,-10.348800187166836,1.7057082609062084e-05,0.0003652409515330805,Down
7917954,FRRS1,1.0278733333333334,9.361166666666668,10.328207588670743,1.7283387264928168e-05,0.000368900606256611,Up
8174047,TIMM8A,-1.0370866666666645,9.185039999999999,-10.318316870352525,1.739329218468762e-05,0.00037053387707840284,Down
8047577,CARF,1.6330133333333328,7.58299,10.309789607746376,1.7488683348940838e-05,0.0003718522921262344,Up
8032491,LMNB2,-1.0317000000000018,11.184916666666666,-10.305558365992436,1.7536236856317487e-05,0.0003726254490139141,Down
8003814,ASPA,1.0118966666666651,4.3234916666666665,10.295897374592077,1.7645364421855622e-05,0.00037446634745349057,Up
8096617,BANK1,1.1787733333333326,6.053983333333334,10.288719549849088,1.7726941886675956e-05,0.00037500253113128927,Up
7913824,RSRP1,1.0204700000000044,9.110001666666667,10.277963200887264,1.7849992397239125e-05,0.00037676827650233566,Up
7896709,,-1.5150166666666662,8.345098333333333,-10.273434302397106,1.7902091801229706e-05,0.00037750851849622895,Down
7924450,DUSP10,1.074953333333332,10.23429,10.26052801938775,1.805151164156099e-05,0.00037905715816762513,Up
8097262,SPATA5,-1.1590066666666674,9.2643,-10.250355747642198,1.8170276495454903e-05,0.00038105233416354617,Down
8132318,ANLN,-1.1208333333333371,11.89765,-10.249081410079636,1.8185217224407928e-05,0.0003810655619390251,Down
8180255,,-1.1543000000000005,12.522150000000002,-10.238170148797366,1.831371639406242e-05,0.000382442954354549,Down
8180321,,-1.1543000000000005,12.522150000000002,-10.238170148797366,1.831371639406242e-05,0.000382442954354549,Down
8095680,CXCL8,-1.2188799999999982,7.25279,-10.230343811560607,1.840651969810435e-05,0.0003836828714392849,Down
8143144,PTN,1.3079233333333327,8.124481666666666,10.229729392322177,1.8413827929242194e-05,0.0003836828714392849,Up
8077768,,-1.5255033333333323,4.9853483333333335,-10.222649221622872,1.8498281237068974e-05,0.0003844801937270197,Down
8126853,PTCHD4,1.2615900000000018,9.403695,10.215500974354812,1.8583992648048088e-05,0.0003857800518716067,Up
7929258,KIF11,-1.177899999999995,10.943649999999998,-10.208255350176117,1.8671331762295426e-05,0.0003863886474140154,Down
8096875,ENPEP,1.3600233333333336,6.221115,10.197749221726756,1.8798801555292506e-05,0.0003883524913346207,Up
8161520,,1.1939100000000036,10.295911666666667,10.182590759392143,1.8984461280095274e-05,0.0003908098199617734,Up
7984511,EWSAT1,-1.1861899999999983,7.702165,-10.182091746427172,1.8990608424126777e-05,0.0003908098199617734,Down
8180221,LINC01549,1.4890000000000008,5.1933,10.173469466070229,1.9097180284836044e-05,0.0003925177851507319,Up
7927606,PRKG1,1.172413333333334,6.93419,10.168430354776772,1.915977802595016e-05,0.00039307648116454865,Up
7923173,MIR181B1,1.0938199999999998,9.264143333333333,10.167377167868803,1.9172890499918507e-05,0.0003931032850836124,Up
8101788,,1.1105433333333314,7.607975,10.160548412785065,1.9258157833022518e-05,0.00039363031600213354,Up
7987636,OIP5,-1.2041700000000035,9.383575,-10.158658134802637,1.9281836773774e-05,0.00039364029371940704,Down
7982358,ARHGAP11A,-1.2883433333333336,10.451561666666667,-10.106119366585085,1.9953378319589798e-05,0.00040261938563085315,Down
8047518,NOP58,-1.0186333333333302,11.15245,-10.105965877177951,1.99553786787275e-05,0.00040261938563085315,Down
8140955,CDK6,-1.1735333333333327,11.122933333333334,-10.086139821275555,2.0215685633507355e-05,0.00040696595195821914,Down
7979721,TMEM229B,1.0548466666666654,7.850370000000001,10.061884998628232,2.0539394018213447e-05,0.00041215448779263297,Up
8170648,BGN,1.2881033333333345,9.699481666666665,10.053230644217853,2.065631632460851e-05,0.0004128411552583971,Up
7970793,SLC46A3,1.1287133333333317,7.755926666666667,10.051235833291225,2.0683373619364022e-05,0.00041288626582971453,Up
8178086,,-1.1939466666666687,10.020626666666667,-10.04023828724772,2.0833266207887767e-05,0.0004144357910146484,Down
8179324,,-1.1939466666666687,10.020626666666667,-10.04023828724772,2.0833266207887767e-05,0.0004144357910146484,Down
8106923,NR2F1,1.1173533333333374,9.314736666666667,10.017010762788619,2.1153915810650143e-05,0.00041904183630719774,Up
7929145,HECTD2,1.1838966666666635,8.571401666666667,10.010292595952938,2.1247699199512787e-05,0.0004201215203362098,Up
7919591,,-1.641719999999998,10.138406666666667,-10.004270574062595,2.133216558665918e-05,0.0004210150430242504,Down
8111271,CDH9,1.0915566666666696,5.701911666666667,10.003466952592703,2.1343466156859016e-05,0.0004210150430242504,Up
7944913,,-1.3123299999999978,8.068354999999999,-9.998417800629465,2.1414623148063564e-05,0.0004216692530816514,Down
8081657,CD200,-1.4189266666666664,7.108013333333333,-9.985204712640458,2.1602110098279527e-05,0.0004241660640556289,Down
8000799,GDPD3,1.2870266666666637,8.356826666666667,9.952758397224164,2.2070457114057422e-05,0.00043121855318917375,Up
8013671,SPAG5,-1.1752666666666642,10.809066666666666,-9.928012912015111,2.2435392060392348e-05,0.0004355867343643638,Down
7988537,CEP152,-1.2647166666666683,8.385011666666667,-9.901158655370217,2.2839190344269964e-05,0.00044085595414096056,Down
7903753,,1.0637700000000017,10.152548333333334,9.892089383232998,2.2977418661282732e-05,0.0004427541140999601,Up
8043835,C2orf15,1.7307166666666687,6.262298333333333,9.88533174518802,2.3081031326550266e-05,0.0004439798382900891,Up
8161513,,1.1826100000000004,10.289195,9.863399893337714,2.3420973102157097e-05,0.0004489626605541306,Up
8113097,,1.419303333333331,6.8889683333333345,9.856927625614194,2.3522374970471414e-05,0.0004501290341332107,Up
7973724,,1.4080899999999992,7.725505000000001,9.850428841240422,2.362469343581826e-05,0.00045156797780277874,Up
7999364,GRIN2A,1.0582199999999984,6.59856,9.826827750194445,2.4000542057568757e-05,0.00045587338784419104,Up
8118314,,-1.1904933333333323,10.001186666666667,-9.777961288621148,2.480049579204912e-05,0.0004676002878753451,Down
8113037,,1.3121099999999992,5.857668333333334,9.735712320887382,2.5516547922785446e-05,0.00047704912756035204,Up
7925504,MAP1LC3C,1.2720533333333335,7.9091266666666655,9.732699162015512,2.5568504921683e-05,0.0004777522493699657,Up
8042830,MTHFD2,-1.031766666666666,11.362116666666665,-9.71752056418013,2.5832065674102308e-05,0.00048078831232564815,Down
8090214,SLC12A8,1.2584633333333304,8.620281666666667,9.705872075913911,2.603641917042781e-05,0.00048297194936921156,Up
8012416,LINC00324,1.407566666666665,7.055163333333334,9.672550660788362,2.663118135890121e-05,0.0004909958171136952,Up
7972674,TEX30,-1.154783333333333,9.101371666666665,-9.667212766743184,2.672788278078439e-05,0.0004922335801724435,Down
7952339,SNORD14C,-1.0529666666666677,12.043383333333333,-9.663856961759418,2.6788880380997763e-05,0.0004930842178253634,Down
8180264,,1.5300766666666679,5.345098333333333,9.652807413894175,2.699084312300671e-05,0.000495159285656614,Up
8013567,,1.5300766666666679,5.345098333333333,9.652807413894175,2.699084312300671e-05,0.000495159285656614,Up
7938989,GAS2,1.0150233333333316,6.4042916666666665,9.64925136709481,2.70562069340281e-05,0.0004960850893625185,Up
8104625,,-1.0398566666666686,8.312381666666667,-9.644119976633764,2.71508436907929e-05,0.0004972726305678389,Down
7963157,RACGAP1,-1.0076666666666714,11.225200000000001,-9.627191740867746,2.7465717157249078e-05,0.0005021192365798786,Down
8179322,,-1.1923666666666672,11.24415,-9.62665404991121,2.747578607828149e-05,0.0005021192365798786,Down
7968577,NBEA,1.2396400000000003,8.717403333333333,9.618932653076788,2.762084109448313e-05,0.000503113318338624,Up
8129590,STX7,1.0998500000000024,8.903288333333334,9.617035832205511,2.765660765708679e-05,0.0005034893740612459,Up
8036936,,1.0849933333333346,9.140006666666666,9.607249079080686,2.7841983428797042e-05,0.0005052068241028093,Up
8033809,ZNF846,1.384866666666666,5.2999,9.594700610678629,2.8081734206620144e-05,0.0005081725564553428,Up
8001197,NETO2,-1.1353333333333342,11.782866666666669,-9.590653738147276,2.815955201185817e-05,0.0005093039670498867,Down
8128553,BVES,1.0848333333333355,11.185716666666666,9.57343484601759,2.8493399922395147e-05,0.0005142247898189654,Up
7951662,CRYAB,2.3432099999999982,7.256281666666666,9.55828083405617,2.879092774632256e-05,0.0005174739853629815,Up
8053449,TMEM150A,1.0468799999999983,8.589293333333334,9.557148043056369,2.8813309573323953e-05,0.0005174739853629815,Up
7922391,CENPL,-1.0600299999999985,8.496251666666668,-9.556086853109186,2.883429458815643e-05,0.0005175717018338785,Down
7930213,TAF5,-1.1566599999999996,8.915763333333333,-9.51979799623192,2.956243807640476e-05,0.0005272311197804227,Down
8027345,ZNF492,-1.1936199999999988,8.225973333333334,-9.507679559166803,2.9810221147052647e-05,0.000530230199537079,Down
7941843,SSH3,1.025,9.247523333333334,9.504916212838692,2.986705168831687e-05,0.0005306278519876178,Up
8158771,AIF1L,1.0048200000000012,9.396286666666667,9.498594809964862,2.9997518926416924e-05,0.0005318569689525582,Up
7934993,NUDT9P1,1.811363333333337,6.501768333333332,9.486039673148255,3.0258563767480752e-05,0.0005350607529292653,Up
7929334,,-1.2357300000000002,10.864735000000001,-9.478123656343442,3.042447552992808e-05,0.0005362857393965141,Down
8145418,CDCA2,-1.2179966666666666,9.419568333333332,-9.409475403898794,3.190731580894522e-05,0.0005578327106213518,Down
8056257,,1.597529999999997,6.3200850000000015,9.401900378652998,3.207589905401276e-05,0.0005593214196912335,Up
7895776,,-1.1251766666666658,10.297678333333332,-9.398747357368713,3.2146367261557077e-05,0.0005595137235955162,Down
8088550,PRICKLE2,1.0326200000000012,7.794826666666666,9.389267347132849,3.235929880217457e-05,0.0005620306391652479,Up
8068570,DSCR8,1.5279466666666688,8.03362,9.382164146818738,3.2519891989339614e-05,0.0005626038638395198,Up
7958620,IFT81,1.0760733333333323,8.862356666666667,9.374544694998121,3.269316149398933e-05,0.0005631641659198685,Up
8171791,,1.0100933333333328,6.7247200000000005,9.366610078491217,3.2874710597223144e-05,0.000565115766007093,Up
8091402,TM4SF18,-1.3687133333333341,8.238056666666667,-9.364550122320281,3.2922030284886396e-05,0.0005656371735788763,Down
8112596,ANKRA2,1.098373333333332,7.64117,9.351101996164441,3.323285303129417e-05,0.0005695081355548132,Up
7902512,DNAJB4,1.0402799999999992,9.623573333333333,9.315085680749707,3.408179304630622e-05,0.0005792860965098816,Up
8118310,,-1.1857333333333315,11.264266666666666,-9.310123081950174,3.420068090252519e-05,0.0005807139581904035,Down
8155930,GCNT1,1.3204400000000016,8.747353333333333,9.308634942302572,3.4236423438168124e-05,0.0005807285742336648,Up
8121212,,1.199116666666665,9.387788333333333,9.286735827605428,3.476732567889692e-05,0.0005860180617830186,Up
7947947,AGBL2,1.3259300000000023,7.215748333333333,9.238175734299988,3.597817455559074e-05,0.0006013881918561771,Up
8071042,,1.1438733333333362,7.212746666666665,9.228283103493231,3.623066369812982e-05,0.0006043949945674492,Up
7923189,,-1.2585099999999974,9.845345,-9.226757725152897,3.6269774166243306e-05,0.0006047444518845284,Down
7982287,ARHGAP11B,-1.144860000000001,9.98767,-9.21998296328526,3.6444056840164525e-05,0.0006061051764927693,Down
7982757,KNL1,-1.0460333333333303,10.820083333333335,-9.215088344826583,3.6570562535261174e-05,0.0006067214851702,Down
7902965,BTBD8,1.3602899999999989,6.283358333333333,9.207144476219845,3.677693887370762e-05,0.0006088893190924602,Up
7904965,,1.0731000000000017,7.021516666666666,9.192224923644229,3.716811394744657e-05,0.0006135690121878104,Up
7990818,BCL2A1,1.0405399999999974,7.446746666666667,9.191546972090235,3.718600073865518e-05,0.0006135690121878104,Up
8052418,,1.042900000000001,7.55074,9.180497294899762,3.7478909498118795e-05,0.0006162643207698082,Up
8041940,,1.4213266666666682,6.71957,9.160981301553212,3.8002652422635285e-05,0.0006221112673139072,Up
7948906,,-1.209129999999998,8.821548333333332,-9.14408288732485,3.8462851223381175e-05,0.000626564362614933,Down
7996198,CCDC113,1.041300000000001,8.391250000000001,9.126093952924979,3.89596969275309e-05,0.0006315681736105143,Up
8084219,KLHL24,1.245706666666667,9.35655,9.089323306547964,3.999806365310058e-05,0.0006415296365401204,Up
8155192,GLIPR2,1.0864733333333343,8.066706666666667,9.087165937783375,4.0059952089349184e-05,0.0006422129151271353,Up
8152355,SYBU,1.1013100000000018,8.321315,9.065395783412239,4.069057765741478e-05,0.0006504436698314642,Up
8041982,ACYP2,1.4146600000000016,8.542456666666668,9.011731141069648,4.2293680463575376e-05,0.0006652460964771934,Up
7965403,LUM,1.1253333333333362,9.141243333333334,8.997875135816571,4.271912912560434e-05,0.0006687441666644325,Up
7938834,NAV2,1.2298133333333292,8.384756666666668,8.983773893862153,4.315708938547097e-05,0.0006727535605187392,Up
8049394,TRPM8,1.161686666666665,6.818833333333334,8.97351490610291,4.347891069640867e-05,0.0006768196771661148,Up
7914141,RPA2,-1.1156500000000007,8.344798333333335,-8.970045856005479,4.358834772371554e-05,0.0006772567494897603,Down
8007100,IGFBP4,-1.1283000000000019,11.51305,-8.96934773460975,4.361040881079456e-05,0.0006772834804911504,Down
8180197,ALPP,1.2388266666666647,8.417986666666668,8.967536608506542,4.366770052181213e-05,0.0006778570742539759,Up
8131957,SNX10,-1.0535166666666655,9.818808333333333,-8.955176946654168,4.4060958640960554e-05,0.0006811038718050435,Down
7964872,PTPRB,1.1511466666666648,7.481706666666667,8.946930087935609,4.432558595207429e-05,0.0006829750279714103,Up
8066254,,-1.011763333333332,9.819284999999999,-8.892259277540699,4.612606473207309e-05,0.0007041997145272066,Down
8055639,,1.7944033333333353,7.875538333333334,8.872549747353458,4.679535025751707e-05,0.0007121319824152404,Up
8056572,SPC25,-1.7679766666666672,7.767761666666666,-8.86320293665658,4.7116581433656044e-05,0.00071505962260549,Down
7970892,N4BP2L1,1.045386666666666,7.031453333333334,8.831684173105138,4.8218359718204013e-05,0.0007274701964372627,Up
8162584,,1.5714766666666637,5.466018333333334,8.807556708633586,4.9081484369196024e-05,0.0007391158605842121,Up
7984330,ZWILCH,-1.1805033333333352,10.553181666666669,-8.806833041626572,4.910764124793818e-05,0.0007391158605842121,Down
7892702,,-1.0837833333333313,7.3502383333333325,-8.693537569658075,5.340424645233931e-05,0.0007864666935530924,Down
7938812,TMEM86A,1.0676800000000042,8.22376,8.666305762336838,5.449937847537262e-05,0.0007990602400239904,Up
8122146,LINC00326,-1.0585199999999997,6.0889066666666665,-8.663044280157475,5.4632234947581025e-05,0.0008003916107579665,Down
7908529,,1.010486666666669,8.088196666666667,8.649508623689337,5.518753948723071e-05,0.0008072538959978223,Up
7893472,,-1.0002999999999957,10.774083333333332,-8.63075288505795,5.59675848660461e-05,0.0008155591567985719,Down
8139873,LINC00174,1.1286799999999995,8.032506666666666,8.622928302231237,5.62966879278122e-05,0.0008182063805902937,Up
8047288,SGO2,-1.1995133333333354,9.556776666666666,-8.619818623051328,5.64280889207774e-05,0.0008194008184889338,Down
8094901,GABRB1,1.1105233333333324,5.579408333333333,8.60524043924032,5.704874087743023e-05,0.0008248162939625681,Up
7954460,ETFRF1,1.179780000000002,10.084676666666669,8.507200242456223,6.142900242175119e-05,0.000869643492192623,Up
8005953,,-1.030883333333333,9.697158333333332,-8.484302442103328,6.250604660049073e-05,0.0008802179563599569,Down
7938366,,-1.0156533333333337,8.19203,-8.475438596483936,6.29286960173816e-05,0.0008826393612525866,Down
7909768,,1.2585700000000015,8.130935,8.441251446690174,6.458936387576695e-05,0.0008979674525976669,Up
7925672,,-1.0462866666666644,8.154349999999999,-8.435295902810301,6.488369862346088e-05,0.0009013068473364109,Down
8102065,,1.2198233333333333,7.807004999999999,8.434740923202995,6.491120397213927e-05,0.0009013129102003008,Up
8174715,SNORA69,-1.1607266666666671,6.592503333333333,-8.420456321168416,6.562372028319628e-05,0.0009077993412004929,Down
8098463,,2.3647000000000005,6.44445,8.40977143576917,6.616246531143484e-05,0.0009141127001970316,Up
8022612,ZNF521,1.076690000000002,8.365678333333333,8.394090798004076,6.696218081805785e-05,0.0009217196092182192,Up
8108737,PCDHB13,1.038939999999998,7.9939,8.384612106122495,6.745089330659388e-05,0.0009269139060790989,Up
7916898,DEPDC1,-1.2091333333333372,10.153500000000001,-8.374947847444314,6.795332924317641e-05,0.0009307592473468707,Down
7893823,,-1.0369400000000009,8.14324,-8.343864359062621,6.959824797911719e-05,0.000948204935744953,Down
7908924,PRELP,1.4746366666666677,8.522595,8.310131780873004,7.14344887018422e-05,0.0009643586617116976,Up
7969574,,-1.0704666666666671,11.322366666666667,-8.23719118258073,7.559532969218594e-05,0.0010040970345092635,Down
7980096,,1.0094866666666644,5.835850000000001,8.237102668811291,7.560054255682866e-05,0.0010040970345092635,Up
8139488,IGFBP3,-1.0666033333333365,8.781111666666668,-8.22737126534503,7.617614197219916e-05,0.001009728104796304,Down
7992594,CCNF,-1.2648733333333373,9.480263333333335,-8.22565580242636,7.627812192305817e-05,0.001010500000087868,Down
7954969,IRAK4,1.091546666666666,9.659726666666666,8.224861058881356,7.632541971411802e-05,0.001010500000087868,Up
7970455,CRYL1,1.0644266666666662,8.515473333333333,8.179428352805225,7.908518960884016e-05,0.0010355090674028906,Up
8089015,,1.2209766666666666,9.468454999999999,8.174744869716749,7.93760383786726e-05,0.0010372778453275752,Up
8061579,TPX2,-1.0051333333333392,11.6158,-8.164096376887812,8.004182878531834e-05,0.0010439297975185057,Down
8088952,,1.2701533333333355,8.782323333333332,8.14035429091846,8.154912936765663e-05,0.0010582000625700947,Up
8102171,TBCK,1.1354200000000023,9.63819,8.132941165848903,8.202631270853282e-05,0.0010623748702167383,Up
8092067,RPL22L1,-1.1601666666666648,8.046473333333333,-8.089092239587501,8.491422130580367e-05,0.001090392914315212,Down
8111960,C5orf34,-1.079749999999998,8.783311666666666,-8.046853687144509,8.780511524393506e-05,0.0011193135230770695,Down
8117170,,1.3825000000000007,5.847360000000001,8.044361363486415,8.797913753876387e-05,0.0011203279677439036,Up
8115010,,-2.0978433333333335,4.573225,-8.042814209267897,8.808736093507485e-05,0.001120766089818566,Down
8021286,C18orf54,-1.2213066666666679,8.11124,-8.036647225363655,8.852023804761508e-05,0.001123697432814121,Down
7892674,,-1.0244066666666651,10.55983,-7.982229093603803,9.24458998725629e-05,0.0011611358461172112,Down
7938295,,-1.0060866666666681,9.44545,-7.960186633953981,9.409167306210538e-05,0.0011751577036567603,Down
8117429,HIST1H2BI,-1.2031400000000008,6.359636666666667,-7.946890462463495,9.510040290255391e-05,0.0011842027357690118,Down
8105842,,-1.0171833333333327,8.782295,-7.940391976582085,9.559785688686286e-05,0.0011882768811582,Down
8155359,,-1.0084233333333328,8.895638333333332,-7.884137646527937,0.00010002905567620898,0.0012236557875428319,Down
8046792,DUSP19,1.1841999999999997,7.365063333333334,7.874082128347166,0.00010084532864268517,0.0012313336662323022,Up
8168794,CENPI,-1.3299200000000047,8.636346666666668,-7.864654568970073,0.00010161746198283663,0.0012393980335686854,Down
7892879,,-1.2359900000000017,6.5348716666666675,-7.847963863630536,0.00010300088344268393,0.0012494063446233323,Down
8095339,,2.2660166666666655,5.507781666666667,7.797628719398476,0.00010730340606729666,0.0012847470376924765,Up
7919055,HMGCS2,1.070036666666664,7.1337850000000005,7.791498738234239,0.00010784110223638697,0.001289793527717305,Up
8102076,,-1.0599833333333313,9.782274999999998,-7.7802700815614925,0.0001088339387059201,0.0012958331906726419,Down
7917779,GCLM,-1.0505266666666648,8.693426666666666,-7.774443363246576,0.00010935319926178896,0.001300404812792781,Down
8045334,,1.0485133333333314,7.258746666666667,7.747284915319893,0.00011181066472771536,0.001316929502454453,Up
7938880,HTATIP2,1.0161866666666672,10.055773333333333,7.73803396613608,0.00011266193159924665,0.0013237056947653595,Up
8067944,MIRLET7C,1.3001366666666663,5.681535,7.6822911495109505,0.00011794881973269643,0.0013665072549198306,Up
8174933,,1.1723866666666645,5.0522133333333334,7.674689700653544,0.0001186912304636123,0.001371767407409545,Up
8161460,,-1.0436133333333328,8.760716666666665,-7.649839705517248,0.0001211552953216097,0.0013934742204917577,Down
8155540,,-1.0436133333333328,8.760716666666665,-7.649839705517248,0.0001211552953216097,0.0013934742204917577,Down
8103601,,1.023999999999999,7.740660000000001,7.646930545908031,0.00012144751528201624,0.00139518136395202,Up
7924888,HIST3H2A,-1.0475299999999992,8.019245,-7.646693839631286,0.00012147132696930371,0.00139518136395202,Down
8089106,,-1.6521766666666646,6.354571666666666,-7.605587737943747,0.0001256874515453286,0.0014307743843093355,Down
7914665,,-1.0097433333333334,7.241938333333334,-7.569269446058588,0.00012955022982456127,0.0014587872852446456,Down
8123920,ELOVL2,-1.2259399999999985,6.787556666666666,-7.567646402268679,0.0001297259550098501,0.0014597786833264541,Down
8140478,GSAP,1.600683333333335,8.560358333333333,7.545731997309072,0.0001321251147794647,0.0014743196872693818,Up
8151730,CALB1,-1.1276333333333326,7.141543333333334,-7.544150422118737,0.00013230019026906932,0.0014744961942508344,Down
7896638,,-1.4985733333333324,7.94019,-7.538170612797242,0.00013296450530560848,0.0014802136854432785,Down
7948896,,-1.0137200000000002,9.186146666666666,-7.524785225774906,0.00013446520684305764,0.0014939232540051018,Down
8006634,PIGW,-1.1359433333333333,9.620428333333335,-7.508546938258469,0.0001363114638716525,0.001510403598181169,Down
8009515,LINC01152,1.0466199999999997,4.6546899999999996,7.376061542954954,0.00015248993042320556,0.0016446354449473836,Up
7957536,,1.520016666666666,8.093031666666667,7.318111354845406,0.0001602385986567944,0.001707895204697594,Up
7999404,,1.152956666666665,6.386775,7.256784216768608,0.00016892574033913353,0.0017766015085508935,Up
8089011,,1.3103466666666703,7.542303333333332,7.232134447677015,0.00017256595664335328,0.0018034929875561,Up
8111017,,1.1359099999999995,5.512878333333333,7.198984279829953,0.0001776016276020672,0.001837663578081427,Up
7935116,,1.2109566666666636,7.8871850000000014,7.178849826984603,0.0001807408523475923,0.0018655077993235528,Up
8000791,YPEL3,1.2950533333333296,8.516860000000001,7.172226885258327,0.00018178707753373671,0.0018725714151716182,Up
8064471,SIRPB1,-1.0338866666666677,7.249116666666667,-7.112352967992754,0.00019156120334237354,0.0019416783524173551,Down
8142270,,-1.0553633333333354,6.498155000000001,-7.086031359589563,0.00019604425945528165,0.001972110485523418,Down
8154725,MIR622,-1.0223133333333352,10.735976666666666,-7.0737087152763936,0.0001981835350704432,0.001988741912387447,Down
8114425,CDC25C,-1.0034166666666684,8.420161666666667,-7.028020408739387,0.00020634777164275524,0.0020460874783766593,Down
7986532,OR4F15,1.2253999999999974,7.046133333333334,7.011062882990414,0.00020947377702322918,0.0020672342482342806,Up
8154447,,1.126513333333335,6.5594399999999995,7.003739156819658,0.00021084030877625506,0.0020751846767138532,Up
7947184,,1.2020399999999982,5.745706666666667,6.8657798174065485,0.00023855247406821012,0.0022681558335377475,Up
8109712,HMMR,-1.00652333333333,9.702471666666666,-6.841331290003326,0.0002438792971940489,0.002309570238529649,Down
8108693,PCDHB4,1.139276666666665,5.520968333333333,6.839525713627252,0.00024427796840475764,0.0023108407225421778,Up
8151341,,-1.1835366666666691,5.3960550000000005,-6.818580857167281,0.0002489565517583318,0.0023403462179269266,Down
7909801,LYPLAL1,1.0121333333333373,8.306036666666666,6.8054273550826565,0.00025194621201571305,0.002359126271509336,Up
8165692,,1.068163333333337,10.144851666666666,6.771860202458868,0.00025976034845431363,0.0024059082955447237,Up
8060835,,-2.1470033333333327,6.727328333333333,-6.745481454859888,0.0002660924902247107,0.0024524905060753135,Down
8097513,MGST2,1.0426266666666637,8.624443333333334,6.715616127009829,0.00027347191880867553,0.002505032869483485,Up
8144699,,1.101643333333335,6.811428333333333,6.715106913496943,0.000273599719328057,0.0025055142614043764,Up
7993453,MPV17L,-1.1260833333333347,9.373635,-6.5769463149415035,0.00031089029382969693,0.0027509537165953174,Down
7893365,,-1.2175466666666634,8.887589999999998,-6.5546428920848445,0.00031742987919945915,0.002793936740075176,Down
7963878,OR6C70,1.0369500000000014,5.355961666666666,6.504826192548033,0.0003326020014433526,0.002898774113887243,Up
8121489,AMD1,-1.0088966666666708,10.395385000000001,-6.412636873002707,0.0003628758212619278,0.003084676083880115,Down
8145768,,1.0331733333333355,6.504426666666666,6.399923012126721,0.000367288558949022,0.003112651348263066,Up
8099850,,-1.22384333333333,6.007994999999998,-6.385412045388066,0.00037239878056341704,0.0031463491998021055,Down
7911252,OR2L2,1.0206599999999992,7.1465733333333334,6.317321894033955,0.0003974678076690753,0.003302017363262775,Up
8143383,,-1.339053333333333,6.1724,-6.306781078742906,0.0004015153367010824,0.0033281693219158427,Down
7894422,,-1.1222166666666629,9.616855,-6.243263157586949,0.0004269061122626403,0.0034890049725403707,Down
8095356,,1.0224566666666683,6.2152416666666666,6.235909584785557,0.0004299601661264618,0.0035071983467694265,Up
8101429,PLAC8,1.0594133333333353,9.524293333333333,6.177818605380021,0.00045496580434924806,0.003652120633417771,Up
7893004,,-1.3813133333333345,9.61891,-6.1458230841149595,0.000469431969014601,0.003730471664028441,Down
8100109,GABRA2,1.2091666666666674,6.417159999999999,6.138496940353761,0.00047281640975039673,0.0037484209512997527,Up
7969114,SETDB2,1.0195599999999998,8.065826666666666,6.007388221271435,0.0005382522616047377,0.004138117191099735,Up
8143555,OR9A2,1.0740433333333326,6.653511666666667,5.8219379911373315,0.0006488253708024062,0.004744989758754166,Up
7892526,,-1.000600000000002,9.00882,-5.720399145248676,0.0007199897835187379,0.005129180642758535,Down
7896052,,-1.0632566666666639,9.857071666666668,-5.707272665537657,0.0007298101701284468,0.005178028816272511,Down
7948910,,-1.456036666666668,8.322621666666667,-5.667752415685609,0.0007602917135969551,0.005337320109953199,Down
7911241,OR2L8,1.0900566666666665,7.521448333333333,5.619899666658485,0.0007991190866517529,0.005533014811445917,Up
8043502,,1.114063333333334,9.914435,5.601711568901653,0.0008144533324908605,0.005608863001437059,Up
7896058,,-1.0161033333333345,8.824688333333334,-5.589606406203551,0.0008248410591753351,0.005662758925596846,Down
7892850,,1.268959999999999,6.670303333333333,5.569816768970071,0.0008421429824197972,0.005755507981451557,Up
8049123,,1.031636666666666,6.947081666666667,5.455728465028123,0.0009501385821465816,0.006292117018642547,Up
8043500,,1.1637933333333343,9.335683333333334,5.447010031291581,0.0009590062681397433,0.006333207399890724,Up
7893267,,-1.1961366666666673,6.958308333333334,-5.367184367470578,0.0010446285430702504,0.006721351999731426,Down
7894461,,-1.030713333333332,9.255433333333334,-5.360863488782827,0.0010517641056252485,0.006760731549228551,Down
7896460,,-1.5478999999999996,5.824866666666666,-5.33906621840061,0.0010767903444458778,0.0068764649211765245,Down
8127989,SNORD50B,-1.200536666666667,7.498068333333333,-5.336168925160155,0.001080166480873814,0.006888780194209713,Down
7980828,,-1.4079899999999999,5.332505,-5.291451317499894,0.001133798059307902,0.007140139436460826,Down
7992861,,-1.076820000000001,7.311396666666667,-5.223033294704101,0.0012216852262281121,0.007548423265488486,Down
7895959,SNORA74A,-1.1105166666666653,9.308715000000001,-5.1788713153669335,0.0012824290784979764,0.007826437138333416,Down
8144569,,1.3104066666666658,5.787870000000001,5.14014141005927,0.0013384737294691784,0.008059160898758631,Up
7892999,,-1.4721100000000003,7.768595,-5.022287170637588,0.001526465466911069,0.008893564418501813,Down
7907297,FMO4,1.0685666666666636,7.234183333333334,5.012992102883201,0.001542496056681994,0.00896187248287216,Up
8180246,,1.0521666666666687,7.108303333333332,4.973330475301549,0.001613029312469529,0.009263373062659177,Up
7910047,,1.0769200000000017,7.011773333333333,4.962963714619429,0.0016320501816723479,0.009346813708143132,Up
8160784,,-1.1542299999999983,5.467298333333333,-4.947572719307341,0.0016607500417169306,0.00947532456118037,Down
8081818,,1.2411666666666674,8.319553333333333,4.845693392078341,0.001865449165446434,0.010360944263864873,Up
7933043,,1.0101599999999995,5.339463333333334,4.7971133690429015,0.001972780631337179,0.010817498013630326,Up
8124498,ZNF204P,1.349616666666664,6.179428333333334,4.789760673476836,0.001989613385648526,0.010888914678162224,Up
7896260,,-1.136030000000001,5.690165,-4.735723651933362,0.0021183123351128977,0.011396581971603514,Down
7892676,,-1.1279266666666654,6.1805699999999995,-4.664210328950803,0.0023030096640864464,0.012150738834588243,Down
7896306,,-1.2014266666666662,4.526783333333333,-4.641193204370546,0.002366189141164103,0.012405447934709673,Down
7892609,,-2.01446,5.379943333333333,-4.601192094021113,0.0024805937572272294,0.012816060037179108,Down
8156110,,1.155973333333333,6.413626666666667,4.561233672859782,0.002601005160817282,0.013289192702122607,Up
8115443,,1.1786399999999984,6.448903333333334,4.50501316459785,0.002781484947706912,0.01400077162566849,Up
7893666,,-1.0702000000000023,5.575016666666667,-4.3635274965397,0.003299865441089301,0.015924002839413108,Down
7894852,,-1.0919033333333308,9.431088333333333,-4.358554721062946,0.0033199250522906077,0.015988363388215267,Down
7896232,,-1.3525066666666627,7.446553333333333,-4.336454150359273,0.0034107138321048656,0.01629595902821003,Down
7892570,,-1.0243733333333354,9.430633333333333,-4.327308058145394,0.003449081800723645,0.016432118574716728,Down
7894362,,-1.275973333333334,4.868623333333333,-4.30846408306716,0.003529637547752109,0.01670357325575639,Down
7893372,,-2.0108366666666653,4.668298333333333,-4.295412559805987,0.003586642954397923,0.016918040863095004,Down
7894509,,-1.064379999999996,8.61521,-4.2685943703194695,0.0037069795329431926,0.017365848166373057,Down
7893963,,-1.0156166666666664,5.210484999999999,-4.193814760541984,0.004066592783351135,0.018599634602643234,Down
8168161,,-1.0243066666666674,7.0207266666666674,-4.10355510123099,0.004552510822713555,0.020306088796234863,Down
8151434,,1.0166500000000007,5.9378649999999995,4.092206351460403,0.004617981713522145,0.02053759010486802,Up
7894825,,-1.030226666666666,8.828893333333331,-4.034215907480809,0.0049690237387729624,0.021658796250323242,Down
7895856,,1.0027899999999996,6.571231666666667,3.9447563016413554,0.0055691433941538705,0.023601344991108747,Up
7896475,,-1.1119233333333345,5.089965,-3.921465927213633,0.005738070668255973,0.024126851754125413,Down
7895085,,-1.1037366666666646,6.2059516666666665,-3.7476999459790576,0.007189621795991043,0.02874553757698292,Down
7893862,,1.8697533333333334,6.386256666666667,3.7407562559472325,0.007255386136514236,0.028938978460411418,Up
7951140,,1.0895000000000012,8.146713333333333,3.7334038186978864,0.007325734997196938,0.029130129913020504,Up
7895415,,-1.0269833333333362,5.657985000000001,-3.708800824428331,0.007566579799374589,0.02981943514969531,Down
7895756,,-1.0166899999999988,5.6794183333333335,-3.7076739106398793,0.007577815479702083,0.029853114295745414,Down
8099591,,1.0193666666666645,6.887053333333334,3.702228563560964,0.007632363116289864,0.030011194459506802,Up
7896597,,-1.2782766666666656,7.330134999999999,-3.6487186904848867,0.008191639937447313,0.03175655314904915,Down
7895208,,-1.0688633333333348,7.478071666666668,-3.496566787745441,0.010039164822015525,0.03703457468188023,Down
8165496,,-1.2974433333333324,10.461145,-3.419658041844357,0.011140358292756657,0.040236523492126954,Down
8104659,,1.2325399999999997,7.884086666666666,3.403049242666456,0.011394855152679309,0.04091163381698975,Up
8088915,,1.3081233333333337,4.503231666666667,3.328287672032377,0.012620433910390947,0.044289477546877946,Up
